method,step_nm,rms_nm,sample_reflectivity,sample_visibility_scale,coherence_model,incidence_cos,coherence_class,coherence_quant,lambda_class_nm,lambda1_nm,lambda2_nm,lambda_eff_um,class_visibility,class_visibility_eff,class_photons_per_pixel,class_photons_per_pixel_eff,class_mean_counts_per_pixel_frame,crlb_phi_rad_mean,crlb_phi_rad_median,crlb_phi_rad_p90,crlb_h_nm_mean,crlb_h_nm_median,crlb_h_nm_p90,quant_interferometer,quant_detector_model,quant_visibility,quant_visibility_eff,quant_pairs_per_pixel,quant_pairs_per_pixel_eff,gate_time_s,tau_c_s,eta1,eta2,dark1_hz,dark2_hz,phase_step_sigma_deg,deadtime1_s,deadtime2_s,background_drift_frac,amplitude_drift_frac,normalize_frames,hybrid_smooth_sigma_px,recon,rep,Sa_true_nm,Sq_true_nm,Sz_true_nm,Sa_est_nm,Sq_est_nm,Sz_est_nm,bias_Sa_nm,bias_Sq_nm,bias_Sz_nm,rmse_h_nm,step_est_nm,step_err_nm,quant_mean_counts_per_pixel_frame,crlb_phi_coarse_rad_median,crlb_h_coarse_nm_median,quant_target_mean_counts,quant_target_mean_counts_eff,su11_gain
classical,0.0,80.0,1.0,1.0,rayleigh,1.0,0.028130814138268814,0.2138907659724164,532.0,810.0,809.0,655.2899999999507,0.85,0.02391119201752849,80000.0,80000.0,79998.32406616211,0.2139042565354728,0.20392353908180116,0.27629338729532826,9.055682660420619,8.633146842538082,11.696939916220225,-,rates,0.6,0.12833445958344983,30000.0,30000.0,0.001,2e-08,1.0,1.0,0.0,0.0,0.0,5e-09,5e-09,0.0,0.0,0,1.5,psi4,0,64.5222403252258,79.78676508330491,545.2659088492186,64.88498434373517,80.31465302763115,563.898463761189,0.3627440185093631,0.5278879443262389,18.63255491197036,9.028134372608166,-4.870761336775458,-4.870761336775458,,,,,,
quant_noon2,0.0,80.0,1.0,1.0,rayleigh,1.0,0.028130814138268814,0.2138907659724164,532.0,810.0,809.0,0.405,0.85,0.02391119201752849,80000.0,80000.0,79998.32406616211,0.07603523107334605,0.07559032121643992,0.0837374418965004,2.450530032077644,2.4361910874788686,2.698763629438929,noon2,rates,0.6,0.12833445958344983,30000.0,30000.0,0.001,2e-08,1.0,1.0,0.0,0.0,0.0,5e-09,5e-09,0.0,0.0,0,1.5,psi4,0,64.5222403252258,79.78676508330491,545.2659088492186,64.53756414722041,79.81454636366313,548.0891052297756,0.015323821994611178,0.02778128035820932,2.823196380556942,2.452405715392184,-4.946366657936625,-4.946366657936625,29998.96449279785,nan,nan,30000.0,30000.0,0.0
hybrid_noon2,0.0,80.0,1.0,1.0,rayleigh,1.0,0.028130814138268814,0.2138907659724164,532.0,810.0,809.0,0.405,0.85,0.02391119201752849,80000.0,80000.0,79998.32406616211,0.2139042565354728,0.20392353908180116,0.27629338729532826,9.055682660420619,8.633146842538082,11.696939916220225,noon2,rates,0.6,0.12833445958344983,30000.0,30000.0,0.001,2e-08,1.0,1.0,0.0,0.0,0.0,5e-09,5e-09,0.0,0.0,0,1.5,psi4,0,64.5222403252258,79.78676508330491,545.2659088492186,64.88498434373517,80.31465302763115,563.8984637611889,0.3627440185093631,0.5278879443262389,18.632554911970253,9.028134372608166,-4.870761336775497,-4.870761336775497,29998.96449279785,0.07559032121643992,2.4361910874788686,30000.0,30000.0,0.0
classical,0.0,80.0,1.0,1.0,rayleigh,1.0,0.028130814138268814,0.2138907659724164,532.0,810.0,809.0,655.2899999999507,0.85,0.02391119201752849,80000.0,80000.0,80001.45687866211,0.2150217458681168,0.20544385102082197,0.2768850524726012,9.10299181142459,8.697509575134468,11.7219881886267,-,rates,0.6,0.12833445958344983,30000.0,30000.0,0.001,2e-08,1.0,1.0,0.0,0.0,0.0,5e-09,5e-09,0.0,0.0,0,1.5,psi4,1,63.45540927048641,79.93200411533286,560.8268298638247,63.80920447557693,80.37031090056192,562.7237468216583,0.35379520509051443,0.43830678522906114,1.8969169578336118,9.109847391444081,4.340968239077622,4.340968239077622,,,,,,
quant_noon2,0.0,80.0,1.0,1.0,rayleigh,1.0,0.028130814138268814,0.2138907659724164,532.0,810.0,809.0,0.405,0.85,0.02391119201752849,80000.0,80000.0,80001.45687866211,0.07616016998694108,0.07573254869066376,0.08384335339036582,2.4545566728284887,2.440774919106024,2.702177037839162,noon2,rates,0.6,0.12833445958344983,30000.0,30000.0,0.001,2e-08,1.0,1.0,0.0,0.0,0.0,5e-09,5e-09,0.0,0.0,0,1.5,psi4,1,63.45540927048641,79.93200411533286,560.8268298638247,63.48352555780533,79.95176077137336,562.3886504391646,0.02811628731891192,0.01975665604050184,1.5618205753398302,2.4643306696475786,4.091274345156893,4.091274345156893,30000.8563079834,nan,nan,30000.0,30000.0,0.0
hybrid_noon2,0.0,80.0,1.0,1.0,rayleigh,1.0,0.028130814138268814,0.2138907659724164,532.0,810.0,809.0,0.405,0.85,0.02391119201752849,80000.0,80000.0,80001.45687866211,0.2150217458681168,0.20544385102082197,0.2768850524726012,9.10299181142459,8.697509575134468,11.7219881886267,noon2,rates,0.6,0.12833445958344983,30000.0,30000.0,0.001,2e-08,1.0,1.0,0.0,0.0,0.0,5e-09,5e-09,0.0,0.0,0,1.5,psi4,1,63.45540927048641,79.93200411533286,560.8268298638247,63.80920447557693,80.37031090056192,562.7237468216583,0.35379520509051443,0.43830678522906114,1.8969169578336118,9.109847391444081,4.340968239077603,4.340968239077603,30000.8563079834,0.07573254869066376,2.440774919106024,30000.0,30000.0,0.0
classical,0.0,80.0,1.0,1.0,rayleigh,1.0,0.028130814138268814,0.2138907659724164,532.0,810.0,809.0,655.2899999999507,0.85,0.02391119201752849,80000.0,80000.0,79999.93563842773,0.214125298866164,0.20502275927606847,0.2761161673279983,9.065040534984124,8.679682565643526,11.689437270825396,-,rates,0.6,0.12833445958344983,30000.0,30000.0,0.001,2e-08,1.0,1.0,0.0,0.0,0.0,5e-09,5e-09,0.0,0.0,0,1.5,psi4,2,64.34518646245138,79.68847520541914,509.18388229070416,64.80522777181062,80.3342347243152,518.3099381781736,0.46004130935924464,0.6457595188960534,9.126055887469466,9.059450007869547,7.667885670259639,7.667885670259639,,,,,,
quant_noon2,0.0,80.0,1.0,1.0,rayleigh,1.0,0.028130814138268814,0.2138907659724164,532.0,810.0,809.0,0.405,0.85,0.02391119201752849,80000.0,80000.0,79999.93563842773,0.07602722904378266,0.0755707327507839,0.08367404851548138,2.450272135659289,2.4355597732486785,2.696720532024361,noon2,rates,0.6,0.12833445958344983,30000.0,30000.0,0.001,2e-08,1.0,1.0,0.0,0.0,0.0,5e-09,5e-09,0.0,0.0,0,1.5,psi4,2,64.34518646245138,79.68847520541914,509.18388229070416,64.39577716569804,79.73041613773347,508.22397952139784,0.050590703246669165,0.04194093231433076,-0.9599027693063372,2.464942831803888,7.423219307612666,7.423219307612666,29999.939224243164,nan,nan,30000.0,30000.0,0.0
hybrid_noon2,0.0,80.0,1.0,1.0,rayleigh,1.0,0.028130814138268814,0.2138907659724164,532.0,810.0,809.0,0.405,0.85,0.02391119201752849,80000.0,80000.0,79999.93563842773,0.214125298866164,0.20502275927606847,0.2761161673279983,9.065040534984124,8.679682565643526,11.689437270825396,noon2,rates,0.6,0.12833445958344983,30000.0,30000.0,0.001,2e-08,1.0,1.0,0.0,0.0,0.0,5e-09,5e-09,0.0,0.0,0,1.5,psi4,2,64.34518646245138,79.68847520541914,509.18388229070416,64.80522777181064,80.3342347243152,518.3099381781736,0.46004130935925786,0.6457595188960534,9.126055887469466,9.059450007869547,7.6678856702596105,7.6678856702596105,29999.939224243164,0.0755707327507839,2.4355597732486785,30000.0,30000.0,0.0
classical,0.0,80.0,1.0,1.0,rayleigh,1.0,0.028130814138268814,0.2138907659724164,532.0,810.0,809.0,655.2899999999507,0.85,0.02391119201752849,80000.0,80000.0,79998.85850524902,0.21374882425485628,0.20415900231008294,0.2755658424481627,9.049102401424157,8.643115228899596,11.666139148793404,-,rates,0.6,0.12833445958344983,30000.0,30000.0,0.001,2e-08,1.0,1.0,0.0,0.0,0.0,5e-09,5e-09,0.0,0.0,0,1.5,psi4,3,64.69882142805872,79.9962728428014,496.99731553182613,64.99905059938528,80.43754062288401,520.4381986886406,0.3002291713265679,0.4412677800826156,23.440883156814415,9.087937488225768,2.509107346401248,2.509107346401248,,,,,,
quant_noon2,0.0,80.0,1.0,1.0,rayleigh,1.0,0.028130814138268814,0.2138907659724164,532.0,810.0,809.0,0.405,0.85,0.02391119201752849,80000.0,80000.0,79998.85850524902,0.07608603850848392,0.07564031946461029,0.0838520026490762,2.4521674986033672,2.4378024748181746,2.7024557937254245,noon2,rates,0.6,0.12833445958344983,30000.0,30000.0,0.001,2e-08,1.0,1.0,0.0,0.0,0.0,5e-09,5e-09,0.0,0.0,0,1.5,psi4,3,64.69882142805872,79.9962728428014,496.99731553182613,64.71965405824551,80.01842766463663,499.8216930010986,0.020832630186792014,0.022154821835227097,2.824377469272469,2.4640685425508013,3.10189870376783,3.10189870376783,29999.36769104004,nan,nan,30000.0,30000.0,0.0
hybrid_noon2,0.0,80.0,1.0,1.0,rayleigh,1.0,0.028130814138268814,0.2138907659724164,532.0,810.0,809.0,0.405,0.85,0.02391119201752849,80000.0,80000.0,79998.85850524902,0.21374882425485628,0.20415900231008294,0.2755658424481627,9.049102401424157,8.643115228899596,11.666139148793404,noon2,rates,0.6,0.12833445958344983,30000.0,30000.0,0.001,2e-08,1.0,1.0,0.0,0.0,0.0,5e-09,5e-09,0.0,0.0,0,1.5,psi4,3,64.69882142805872,79.9962728428014,496.99731553182613,64.99905059938527,80.43754062288401,520.4381986886406,0.30022917132655463,0.4412677800826156,23.440883156814415,9.087937488225768,2.5091073464013007,2.5091073464013007,29999.36769104004,0.07564031946461029,2.4378024748181746,30000.0,30000.0,0.0
classical,0.0,80.0,1.0,1.0,rayleigh,1.0,0.028130814138268814,0.2138907659724164,532.0,810.0,809.0,655.2899999999507,0.85,0.02391119201752849,80000.0,80000.0,80001.6263885498,0.21400730797219236,0.2041665271891782,0.2757111861893151,9.060045365136023,8.643433796272907,11.672292307304003,-,rates,0.6,0.12833445958344983,30000.0,30000.0,0.001,2e-08,1.0,1.0,0.0,0.0,0.0,5e-09,5e-09,0.0,0.0,0,1.5,psi4,4,64.64017692465141,79.88821086621266,496.3154119796947,65.01549340932489,80.33833995531047,504.9245120011308,0.37531648467347983,0.4501290890978196,8.609100021436062,8.990765680609707,-16.523606266901034,-16.523606266901034,,,,,,
quant_noon2,0.0,80.0,1.0,1.0,rayleigh,1.0,0.028130814138268814,0.2138907659724164,532.0,810.0,809.0,0.405,0.85,0.02391119201752849,80000.0,80000.0,80001.6263885498,0.07606879046538516,0.07562078034185235,0.0837405625936419,2.4516116135615063,2.4371727508541268,2.6988642060000614,noon2,rates,0.6,0.12833445958344983,30000.0,30000.0,0.001,2e-08,1.0,1.0,0.0,0.0,0.0,5e-09,5e-09,0.0,0.0,0,1.5,psi4,4,64.64017692465141,79.88821086621266,496.3154119796947,64.66509678212209,79.92668819743798,498.22439141480095,0.024919857470682018,0.03847733122532534,1.908979435106211,2.4639192825244294,-17.58002654477867,-17.58002654477867,30000.866149902344,nan,nan,30000.0,30000.0,0.0
hybrid_noon2,0.0,80.0,1.0,1.0,rayleigh,1.0,0.028130814138268814,0.2138907659724164,532.0,810.0,809.0,0.405,0.85,0.02391119201752849,80000.0,80000.0,80001.6263885498,0.21400730797219236,0.2041665271891782,0.2757111861893151,9.060045365136023,8.643433796272907,11.672292307304003,noon2,rates,0.6,0.12833445958344983,30000.0,30000.0,0.001,2e-08,1.0,1.0,0.0,0.0,0.0,5e-09,5e-09,0.0,0.0,0,1.5,psi4,4,64.64017692465141,79.88821086621266,496.3154119796947,65.0154934093249,80.33833995531047,504.9245120011309,0.37531648467349304,0.4501290890978196,8.609100021436166,8.990765680609705,-16.523606266901066,-16.523606266901066,30000.866149902344,0.07562078034185235,2.4371727508541268,30000.0,30000.0,0.0
classical,0.0,80.0,1.0,1.0,rayleigh,1.0,0.028130814138268814,0.2138907659724164,532.0,810.0,809.0,655.2899999999507,0.85,0.02391119201752849,80000.0,80000.0,80000.17610168457,0.21400217940683106,0.2043619396499333,0.2759380164397307,9.059828246219517,8.651706624785774,11.68189521469265,-,rates,0.6,0.12833445958344983,30000.0,30000.0,0.001,2e-08,1.0,1.0,0.0,0.0,0.0,5e-09,5e-09,0.0,0.0,0,1.5,psi4,5,63.83196241206738,78.72142622258168,497.24798357818315,64.28887303231075,79.29827698770528,504.9519418427837,0.4569106202433761,0.576850765123595,7.703958264600501,9.023916898158637,-16.215916040412594,-16.215916040412594,,,,,,
quant_noon2,0.0,80.0,1.0,1.0,rayleigh,1.0,0.028130814138268814,0.2138907659724164,532.0,810.0,809.0,0.405,0.85,0.02391119201752849,80000.0,80000.0,80000.17610168457,0.07604398604061266,0.07565600581553501,0.0836858087859667,2.450812194831855,2.4383080282766447,2.6970995523232775,noon2,rates,0.6,0.12833445958344983,30000.0,30000.0,0.001,2e-08,1.0,1.0,0.0,0.0,0.0,5e-09,5e-09,0.0,0.0,0,1.5,psi4,5,63.83196241206738,78.72142622258168,497.24798357818315,63.846285693364045,78.73173925201515,496.9933504631776,0.014323281296673583,0.010313029433463784,-0.25463311500557095,2.4618084348533196,-16.582829932126508,-16.582829932126508,30000.054595947266,nan,nan,30000.0,30000.0,0.0
hybrid_noon2,0.0,80.0,1.0,1.0,rayleigh,1.0,0.028130814138268814,0.2138907659724164,532.0,810.0,809.0,0.405,0.85,0.02391119201752849,80000.0,80000.0,80000.17610168457,0.21400217940683106,0.2043619396499333,0.2759380164397307,9.059828246219517,8.651706624785774,11.68189521469265,noon2,rates,0.6,0.12833445958344983,30000.0,30000.0,0.001,2e-08,1.0,1.0,0.0,0.0,0.0,5e-09,5e-09,0.0,0.0,0,1.5,psi4,5,63.83196241206738,78.72142622258168,497.24798357818315,64.28887303231075,79.29827698770528,504.95194184278347,0.4569106202433761,0.576850765123595,7.703958264600288,9.023916898158637,-16.215916040412576,-16.215916040412576,30000.054595947266,0.07565600581553501,2.4383080282766447,30000.0,30000.0,0.0
classical,0.0,80.0,1.0,1.0,rayleigh,1.0,0.028130814138268814,0.2138907659724164,532.0,810.0,809.0,655.2899999999507,0.85,0.02391119201752849,80000.0,80000.0,79998.9992980957,0.21484368446505187,0.20475754705911392,0.2775363116926213,9.09545354366713,8.668454749454611,11.749559387637397,-,rates,0.6,0.12833445958344983,30000.0,30000.0,0.001,2e-08,1.0,1.0,0.0,0.0,0.0,5e-09,5e-09,0.0,0.0,0,1.5,psi4,6,64.00824378958805,79.81191698851954,520.6375093880803,64.51433111804782,80.4123659661831,548.3065834883434,0.5060873284597655,0.6004489776635621,27.669074100263195,9.068896598896481,-3.5998489577353077,-3.5998489577353077,,,,,,
quant_noon2,0.0,80.0,1.0,1.0,rayleigh,1.0,0.028130814138268814,0.2138907659724164,532.0,810.0,809.0,0.405,0.85,0.02391119201752849,80000.0,80000.0,79998.9992980957,0.07613072604020213,0.07572833728579051,0.0837642306721633,2.453607727520792,2.4406391902606783,2.6996270015673205,noon2,rates,0.6,0.12833445958344983,30000.0,30000.0,0.001,2e-08,1.0,1.0,0.0,0.0,0.0,5e-09,5e-09,0.0,0.0,0,1.5,psi4,6,64.00824378958805,79.81191698851954,520.6375093880803,64.0521980975116,79.85958612142282,523.4683129134255,0.043954307923557055,0.047669132903273,2.83080352534522,2.4721646680368408,-4.100993220944561,-4.100993220944561,29999.407516479492,nan,nan,30000.0,30000.0,0.0
hybrid_noon2,0.0,80.0,1.0,1.0,rayleigh,1.0,0.028130814138268814,0.2138907659724164,532.0,810.0,809.0,0.405,0.85,0.02391119201752849,80000.0,80000.0,79998.9992980957,0.21484368446505187,0.20475754705911392,0.2775363116926213,9.09545354366713,8.668454749454611,11.749559387637397,noon2,rates,0.6,0.12833445958344983,30000.0,30000.0,0.001,2e-08,1.0,1.0,0.0,0.0,0.0,5e-09,5e-09,0.0,0.0,0,1.5,psi4,6,64.00824378958805,79.81191698851954,520.6375093880803,64.5143311180478,80.4123659661831,548.3065834883433,0.5060873284597522,0.6004489776635621,27.66907410026309,9.068896598896481,-3.599848957735289,-3.599848957735289,29999.407516479492,0.07572833728579051,2.4406391902606783,30000.0,30000.0,0.0
classical,0.0,80.0,1.0,1.0,rayleigh,1.0,0.028130814138268814,0.2138907659724164,532.0,810.0,809.0,655.2899999999507,0.85,0.02391119201752849,80000.0,80000.0,80000.42141723633,0.21393652706342473,0.204473625255696,0.27577377576472467,9.057048840155186,8.65643485890278,11.674942050427116,-,rates,0.6,0.12833445958344983,30000.0,30000.0,0.001,2e-08,1.0,1.0,0.0,0.0,0.0,5e-09,5e-09,0.0,0.0,0,1.5,psi4,7,64.103334789993,79.63279081774465,493.21196767035946,64.33665651366566,80.04766653492828,513.6074156225105,0.23332172367265627,0.41487571718363414,20.39544795215106,8.99815738373166,-7.401457714429468,-7.401457714429468,,,,,,
quant_noon2,0.0,80.0,1.0,1.0,rayleigh,1.0,0.028130814138268814,0.2138907659724164,532.0,810.0,809.0,0.405,0.85,0.02391119201752849,80000.0,80000.0,80000.42141723633,0.07609570552350017,0.07567679576988554,0.08370667749711604,2.452479055631385,2.438978065136957,2.697772127426691,noon2,rates,0.6,0.12833445958344983,30000.0,30000.0,0.001,2e-08,1.0,1.0,0.0,0.0,0.0,5e-09,5e-09,0.0,0.0,0,1.5,psi4,7,64.103334789993,79.63279081774465,493.21196767035946,64.11860824102776,79.66549931157988,496.2648073695999,0.015273451034749131,0.03270849383522713,3.0528396992404607,2.431940430928534,-7.830364980951134,-7.830364980951134,30000.263244628906,nan,nan,30000.0,30000.0,0.0
hybrid_noon2,0.0,80.0,1.0,1.0,rayleigh,1.0,0.028130814138268814,0.2138907659724164,532.0,810.0,809.0,0.405,0.85,0.02391119201752849,80000.0,80000.0,80000.42141723633,0.21393652706342473,0.204473625255696,0.27577377576472467,9.057048840155186,8.65643485890278,11.674942050427116,noon2,rates,0.6,0.12833445958344983,30000.0,30000.0,0.001,2e-08,1.0,1.0,0.0,0.0,0.0,5e-09,5e-09,0.0,0.0,0,1.5,psi4,7,64.103334789993,79.63279081774465,493.21196767035946,64.33665651366564,80.04766653492827,513.6074156225105,0.23332172367264303,0.41487571718362093,20.39544795215106,8.998157383731659,-7.4014577144294496,-7.4014577144294496,30000.263244628906,0.07567679576988554,2.438978065136957,30000.0,30000.0,0.0
classical,0.0,80.0,1.0,1.0,rayleigh,1.0,0.028130814138268814,0.2138907659724164,532.0,810.0,809.0,655.2899999999507,0.85,0.02391119201752849,80000.0,80000.0,79999.03559875488,0.21427409560930258,0.20475726135518035,0.27512802850212886,9.071339877075728,8.668442654117197,11.647604201318288,-,rates,0.6,0.12833445958344983,30000.0,30000.0,0.001,2e-08,1.0,1.0,0.0,0.0,0.0,5e-09,5e-09,0.0,0.0,0,1.5,psi4,8,62.863164559627535,78.96757030862183,543.477455814894,63.368951377454394,79.55651615658867,570.417732901398,0.5057868178268634,0.5889458479668459,26.940277086504086,9.033077193827095,-7.3776682704035,-7.3776682704035,,,,,,
quant_noon2,0.0,80.0,1.0,1.0,rayleigh,1.0,0.028130814138268814,0.2138907659724164,532.0,810.0,809.0,0.405,0.85,0.02391119201752849,80000.0,80000.0,79999.03559875488,0.07606252702755253,0.0756031808903658,0.08377773327722399,2.4514097500004155,2.436605540314919,2.7000621753511753,noon2,rates,0.6,0.12833445958344983,30000.0,30000.0,0.001,2e-08,1.0,1.0,0.0,0.0,0.0,5e-09,5e-09,0.0,0.0,0,1.5,psi4,8,62.863164559627535,78.96757030862183,543.477455814894,62.84759019755126,78.9722061943429,547.8865096267192,-0.015574362076271896,0.004635885721076365,4.409053811825206,2.4371181909065194,-7.0415403854028185,-7.0415403854028185,29999.426651000977,nan,nan,30000.0,30000.0,0.0
hybrid_noon2,0.0,80.0,1.0,1.0,rayleigh,1.0,0.028130814138268814,0.2138907659724164,532.0,810.0,809.0,0.405,0.85,0.02391119201752849,80000.0,80000.0,79999.03559875488,0.21427409560930258,0.20475726135518035,0.27512802850212886,9.071339877075728,8.668442654117197,11.647604201318288,noon2,rates,0.6,0.12833445958344983,30000.0,30000.0,0.001,2e-08,1.0,1.0,0.0,0.0,0.0,5e-09,5e-09,0.0,0.0,0,1.5,psi4,8,62.863164559627535,78.96757030862183,543.477455814894,63.368951377454394,79.55651615658867,570.417732901398,0.5057868178268634,0.5889458479668459,26.940277086504086,9.033077193827095,-7.377668270403538,-7.377668270403538,29999.426651000977,0.0756031808903658,2.436605540314919,30000.0,30000.0,0.0
classical,0.0,80.0,1.0,1.0,rayleigh,1.0,0.028130814138268814,0.2138907659724164,532.0,810.0,809.0,655.2899999999507,0.85,0.02391119201752849,80000.0,80000.0,79999.48063659668,0.21464448561744753,0.2043740509716595,0.27834860303003883,9.087020417653447,8.652219360193321,11.78394791593787,-,rates,0.6,0.12833445958344983,30000.0,30000.0,0.001,2e-08,1.0,1.0,0.0,0.0,0.0,5e-09,5e-09,0.0,0.0,0,1.5,psi4,9,63.58644271620053,79.33494372303691,582.1652103988696,64.08077459607426,79.94339854465089,580.3628819465848,0.4943318798737387,0.6084548216139719,-1.8023284522847869,9.103939143633303,-7.733865347242863,-7.733865347242863,,,,,,
quant_noon2,0.0,80.0,1.0,1.0,rayleigh,1.0,0.028130814138268814,0.2138907659724164,532.0,810.0,809.0,0.405,0.85,0.02391119201752849,80000.0,80000.0,79999.48063659668,0.07609935457449782,0.07565217636699698,0.08388312619588785,2.4525966604434193,2.4381846094546558,2.7034588706555533,noon2,rates,0.6,0.12833445958344983,30000.0,30000.0,0.001,2e-08,1.0,1.0,0.0,0.0,0.0,5e-09,5e-09,0.0,0.0,0,1.5,psi4,9,63.58644271620053,79.33494372303691,582.1652103988696,63.64519880082922,79.40920139241234,587.9423102774059,0.05875608462869201,0.07425766937543342,5.777099878536275,2.45420046118289,-7.211763127609603,-7.211763127609603,29999.74156188965,nan,nan,30000.0,30000.0,0.0
hybrid_noon2,0.0,80.0,1.0,1.0,rayleigh,1.0,0.028130814138268814,0.2138907659724164,532.0,810.0,809.0,0.405,0.85,0.02391119201752849,80000.0,80000.0,79999.48063659668,0.21464448561744753,0.2043740509716595,0.27834860303003883,9.087020417653447,8.652219360193321,11.78394791593787,noon2,rates,0.6,0.12833445958344983,30000.0,30000.0,0.001,2e-08,1.0,1.0,0.0,0.0,0.0,5e-09,5e-09,0.0,0.0,0,1.5,psi4,9,63.58644271620053,79.33494372303691,582.1652103988696,64.08077459607428,79.94339854465089,580.3628819465848,0.49433187987375193,0.6084548216139719,-1.8023284522847869,9.103939143633303,-7.733865347242882,-7.733865347242882,29999.74156188965,0.07565217636699698,2.4381846094546558,30000.0,30000.0,0.0
