stem,material,treatment,Sa_true_nm,Sq_true_nm,Sz_true_nm,log_Sa_true_nm,log_Sq_true_nm,log_Sz_true_nm,endpoint_key,endpoint_name,target_method,target_method_label,best_value_nm,second_best_value_nm,margin_to_second_nm
1.4301_oselkowane,Stainless steel 1.4301 (AISI 304),Honed,382.78488492918075,924.2360826616774,44222.947324976805,2.582954780407175,2.96578291959814,4.645647683613988,height_rmse,Height RMSE,hybrid,Hybrid,273.5907843815369,709.3789524518497,435.78816807031285
1.4301_oselkowane,Stainless steel 1.4301 (AISI 304),Honed,382.78488492918075,924.2360826616774,44222.947324976805,2.582954780407175,2.96578291959814,4.645647683613988,abs_bias_Sa,$|\Delta S_a|$,hybrid,Hybrid,27.98312247874466,298.20068365393456,270.21756117518987
1.4301_oselkowane,Stainless steel 1.4301 (AISI 304),Honed,382.78488492918075,924.2360826616774,44222.947324976805,2.582954780407175,2.96578291959814,4.645647683613988,abs_bias_Sq,$|\Delta S_q|$,classical,Classical,35.4008359206828,42.884389082409854,7.483553161727052
1.4301_oselkowane,Stainless steel 1.4301 (AISI 304),Honed,382.78488492918075,924.2360826616774,44222.947324976805,2.582954780407175,2.96578291959814,4.645647683613988,abs_bias_Sz,$|\Delta S_z|$,quantum_like,Quantum-like,29550.304767847018,37163.46496989809,7613.160202051069
1.4301_szkielkowane,Stainless steel 1.4301 (AISI 304),Glass bead blasted,453.17839917015544,539.7002414210604,4309.3120301784875,2.656269200960162,2.7321526123357547,3.634407941774246,height_rmse,Height RMSE,hybrid,Hybrid,345.57892500576475,707.9993615171102,362.42043651134543
1.4301_szkielkowane,Stainless steel 1.4301 (AISI 304),Glass bead blasted,453.17839917015544,539.7002414210604,4309.3120301784875,2.656269200960162,2.7321526123357547,3.634407941774246,abs_bias_Sa,$|\Delta S_a|$,hybrid,Hybrid,185.87969501323443,208.82479187785873,22.945096864624304
1.4301_szkielkowane,Stainless steel 1.4301 (AISI 304),Glass bead blasted,453.17839917015544,539.7002414210604,4309.3120301784875,2.656269200960162,2.7321526123357547,3.634407941774246,abs_bias_Sq,$|\Delta S_q|$,hybrid,Hybrid,214.39682860334926,294.4783363482926,80.08150774494334
1.4301_szkielkowane,Stainless steel 1.4301 (AISI 304),Glass bead blasted,453.17839917015544,539.7002414210604,4309.3120301784875,2.656269200960162,2.7321526123357547,3.634407941774246,abs_bias_Sz,$|\Delta S_z|$,hybrid,Hybrid,2012.737740924386,2084.9267319973037,72.18899107291782
1.4301_szlifowane,Stainless steel 1.4301 (AISI 304),Grinding,33.84118699522956,41.899689585882065,417.17396197934573,1.5294455877132431,1.6222108055047704,2.6203171939980607,height_rmse,Height RMSE,classical,Classical,0.24875554481722162,155.55591623443883,155.3071606896216
1.4301_szlifowane,Stainless steel 1.4301 (AISI 304),Grinding,33.84118699522956,41.899689585882065,417.17396197934573,1.5294455877132431,1.6222108055047704,2.6203171939980607,abs_bias_Sa,$|\Delta S_a|$,classical,Classical,3.4265896521610197,72.99267231021904,69.56608265805802
1.4301_szlifowane,Stainless steel 1.4301 (AISI 304),Grinding,33.84118699522956,41.899689585882065,417.17396197934573,1.5294455877132431,1.6222108055047704,2.6203171939980607,abs_bias_Sq,$|\Delta S_q|$,classical,Classical,4.44561900938811,113.89286476862137,109.44724575923325
1.4301_szlifowane,Stainless steel 1.4301 (AISI 304),Grinding,33.84118699522956,41.899689585882065,417.17396197934573,1.5294455877132431,1.6222108055047704,2.6203171939980607,abs_bias_Sz,$|\Delta S_z|$,classical,Classical,151.01370757043205,928.2736256641065,777.2599180936744
1.4301_t_wyk,Stainless steel 1.4301 (AISI 304),Turning (finishing),719.0243698335206,1182.6790015108243,88645.45204885582,2.856743610139301,3.0728668859722843,4.947656459048583,height_rmse,Height RMSE,hybrid,Hybrid,678.5983607771548,710.616449669586,32.01808889243125
1.4301_t_wyk,Stainless steel 1.4301 (AISI 304),Turning (finishing),719.0243698335206,1182.6790015108243,88645.45204885582,2.856743610139301,3.0728668859722843,4.947656459048583,abs_bias_Sa,$|\Delta S_a|$,classical,Classical,44.12637428772901,121.96309564260383,77.83672135487483
1.4301_t_wyk,Stainless steel 1.4301 (AISI 304),Turning (finishing),719.0243698335206,1182.6790015108243,88645.45204885582,2.856743610139301,3.0728668859722843,4.947656459048583,abs_bias_Sq,$|\Delta S_q|$,quantum_like,Quantum-like,81.65292739621646,312.00332913073163,230.35040173451517
1.4301_t_wyk,Stainless steel 1.4301 (AISI 304),Turning (finishing),719.0243698335206,1182.6790015108243,88645.45204885582,2.856743610139301,3.0728668859722843,4.947656459048583,abs_bias_Sz,$|\Delta S_z|$,quantum_like,Quantum-like,59455.6068783341,77199.59327232184,17743.98639398774
AL_oselkowane,Aluminium 7075,Honed,467.573643958579,606.1052304901839,3779.3551222935625,2.66985002300745,2.7825480318457188,3.577417701762573,height_rmse,Height RMSE,hybrid,Hybrid,417.121055091998,710.5027497178885,293.3816946258905
AL_oselkowane,Aluminium 7075,Honed,467.573643958579,606.1052304901839,3779.3551222935625,2.66985002300745,2.7825480318457188,3.577417701762573,abs_bias_Sa,$|\Delta S_a|$,classical,Classical,49.8049781263867,194.43754205125205,144.63256392486534
AL_oselkowane,Aluminium 7075,Honed,467.573643958579,606.1052304901839,3779.3551222935625,2.66985002300745,2.7825480318457188,3.577417701762573,abs_bias_Sq,$|\Delta S_q|$,classical,Classical,61.24766751524051,274.7739273335262,213.52625981828572
AL_oselkowane,Aluminium 7075,Honed,467.573643958579,606.1052304901839,3779.3551222935625,2.66985002300745,2.7825480318457188,3.577417701762573,abs_bias_Sz,$|\Delta S_z|$,hybrid,Hybrid,1288.849242652705,1575.7207526017582,286.87150994905323
Al7075_t_wyk,Aluminium 7075,Turning (finishing),546.3689426510782,922.2410215602662,85338.86653628112,2.7374860046950658,2.9648444358632617,4.931146870298456,height_rmse,Height RMSE,hybrid,Hybrid,287.56795281119037,709.4620333925495,421.89408058135916
Al7075_t_wyk,Aluminium 7075,Turning (finishing),546.3689426510782,922.2410215602662,85338.86653628112,2.7374860046950658,2.9648444358632617,4.931146870298456,abs_bias_Sa,$|\Delta S_a|$,hybrid,Hybrid,48.09281771756585,140.23488854037737,92.14207082281152
Al7075_t_wyk,Aluminium 7075,Turning (finishing),546.3689426510782,922.2410215602662,85338.86653628112,2.7374860046950658,2.9648444358632617,4.931146870298456,abs_bias_Sq,$|\Delta S_q|$,classical,Classical,22.92119454137387,64.87396737126129,41.95277282988742
Al7075_t_wyk,Aluminium 7075,Turning (finishing),546.3689426510782,922.2410215602662,85338.86653628112,2.7374860046950658,2.9648444358632617,4.931146870298456,abs_bias_Sz,$|\Delta S_z|$,quantum_like,Quantum-like,53321.88951604511,77317.95584094754,23996.066324902436
Al_szkielkowane,Aluminium 7075,Glass bead blasted,299.70349938185274,364.15267521941,3032.6030471767835,2.476691813861081,2.5612835048127662,3.4818155670192037,height_rmse,Height RMSE,hybrid,Hybrid,180.8586220459809,709.7120123340351,528.8533902880542
Al_szkielkowane,Aluminium 7075,Glass bead blasted,299.70349938185274,364.15267521941,3032.6030471767835,2.476691813861081,2.5612835048127662,3.4818155670192037,abs_bias_Sa,$|\Delta S_a|$,hybrid,Hybrid,3.337649108570576,334.79130306480096,331.45365395623037
Al_szkielkowane,Aluminium 7075,Glass bead blasted,299.70349938185274,364.15267521941,3032.6030471767835,2.476691813861081,2.5612835048127662,3.4818155670192037,abs_bias_Sq,$|\Delta S_q|$,hybrid,Hybrid,4.198057573843438,429.8146143781963,425.6165568043529
Al_szkielkowane,Aluminium 7075,Glass bead blasted,299.70349938185274,364.15267521941,3032.6030471767835,2.476691813861081,2.5612835048127662,3.4818155670192037,abs_bias_Sz,$|\Delta S_z|$,hybrid,Hybrid,368.09371527511854,3503.0710767986293,3134.977361523511
Al_szlifowane,Aluminium 7075,Grinding,66.55707432300152,84.85770719843457,638.6250286224301,1.8231942232390659,1.928691293226966,2.8052459351548933,height_rmse,Height RMSE,classical,Classical,0.24923394828493817,153.62683519941078,153.37760125112584
Al_szlifowane,Aluminium 7075,Grinding,66.55707432300152,84.85770719843457,638.6250286224301,1.8231942232390659,1.928691293226966,2.8052459351548933,abs_bias_Sa,$|\Delta S_a|$,classical,Classical,2.877747644639629,61.338354485009404,58.46060684036978
Al_szlifowane,Aluminium 7075,Grinding,66.55707432300152,84.85770719843457,638.6250286224301,1.8231942232390659,1.928691293226966,2.8052459351548933,abs_bias_Sq,$|\Delta S_q|$,classical,Classical,3.366110703318181,85.72759349146293,82.36148278814474
Al_szlifowane,Aluminium 7075,Grinding,66.55707432300152,84.85770719843457,638.6250286224301,1.8231942232390659,1.928691293226966,2.8052459351548933,abs_bias_Sz,$|\Delta S_z|$,classical,Classical,165.32603707421418,798.2482599786191,632.9222229044049
C45_oselkowane,Steel C45,Honed,297.16816890965,365.33382951310733,2768.298898994887,2.4730022882404685,2.5626898892680807,3.4422129799956798,height_rmse,Height RMSE,hybrid,Hybrid,258.73485630963614,566.1169457748651,307.382089465229
C45_oselkowane,Steel C45,Honed,297.16816890965,365.33382951310733,2768.298898994887,2.4730022882404685,2.5626898892680807,3.4422129799956798,abs_bias_Sa,$|\Delta S_a|$,hybrid,Hybrid,113.0425297195977,172.49900292227136,59.45647320267366
C45_oselkowane,Steel C45,Honed,297.16816890965,365.33382951310733,2768.298898994887,2.4730022882404685,2.5626898892680807,3.4422129799956798,abs_bias_Sq,$|\Delta S_q|$,hybrid,Hybrid,135.5873343858075,225.88933238378237,90.30199799797487
C45_oselkowane,Steel C45,Honed,297.16816890965,365.33382951310733,2768.298898994887,2.4730022882404685,2.5626898892680807,3.4422129799956798,abs_bias_Sz,$|\Delta S_z|$,hybrid,Hybrid,879.2418274406086,1355.845417313663,476.60358987305426
C45_szkielkowane,Steel C45,Glass bead blasted,304.0087497191734,380.88187998390504,2637.5771352498405,2.4828860832800403,2.5807903120933737,3.421205169319406,height_rmse,Height RMSE,hybrid,Hybrid,264.71384803036267,708.8150795744328,444.1012315440702
C45_szkielkowane,Steel C45,Glass bead blasted,304.0087497191734,380.88187998390504,2637.5771352498405,2.4828860832800403,2.5807903120933737,3.421205169319406,abs_bias_Sa,$|\Delta S_a|$,hybrid,Hybrid,147.78171817655368,296.67655349030497,148.8948353137513
C45_szkielkowane,Steel C45,Glass bead blasted,304.0087497191734,380.88187998390504,2637.5771352498405,2.4828860832800403,2.5807903120933737,3.421205169319406,abs_bias_Sq,$|\Delta S_q|$,hybrid,Hybrid,185.32397339615716,371.9362185704762,186.61224517431907
C45_szkielkowane,Steel C45,Glass bead blasted,304.0087497191734,380.88187998390504,2637.5771352498405,2.4828860832800403,2.5807903120933737,3.421205169319406,abs_bias_Sz,$|\Delta S_z|$,hybrid,Hybrid,937.251591288951,3562.9224122614696,2625.6708209725184
C45_szlifowane,Steel C45,Grinding,294.2677905732902,373.10076478927004,4746.313267479542,2.4687427284882806,2.571826139267094,3.676356399251697,height_rmse,Height RMSE,hybrid,Hybrid,246.69188638728866,709.882084353332,463.1901979660433
C45_szlifowane,Steel C45,Grinding,294.2677905732902,373.10076478927004,4746.313267479542,2.4687427284882806,2.571826139267094,3.676356399251697,abs_bias_Sa,$|\Delta S_a|$,hybrid,Hybrid,85.88666008436488,319.1951205140116,233.30846042964671
C45_szlifowane,Steel C45,Grinding,294.2677905732902,373.10076478927004,4746.313267479542,2.4687427284882806,2.571826139267094,3.676356399251697,abs_bias_Sq,$|\Delta S_q|$,hybrid,Hybrid,114.87194332980884,394.9004096613555,280.02846633154667
C45_szlifowane,Steel C45,Grinding,294.2677905732902,373.10076478927004,4746.313267479542,2.4687427284882806,2.571826139267094,3.676356399251697,abs_bias_Sz,$|\Delta S_z|$,classical,Classical,1442.7813506270948,1695.4374387323578,252.65608810526305
C45_t_wyk,Steel C45,Turning (finishing),3227.486193601588,4810.678022931261,102791.46656079737,3.508864393136608,3.682206290691042,5.0119570623306124,height_rmse,Height RMSE,quantum_like,Quantum-like,708.6722869895359,2658.5527734034285,1949.8804864138926
C45_t_wyk,Steel C45,Turning (finishing),3227.486193601588,4810.678022931261,102791.46656079737,3.508864393136608,3.682206290691042,5.0119570623306124,abs_bias_Sa,$|\Delta S_a|$,quantum_like,Quantum-like,429.5553507458962,1538.1289460497735,1108.5735953038773
C45_t_wyk,Steel C45,Turning (finishing),3227.486193601588,4810.678022931261,102791.46656079737,3.508864393136608,3.682206290691042,5.0119570623306124,abs_bias_Sq,$|\Delta S_q|$,quantum_like,Quantum-like,967.2201441314256,2596.7940855534343,1629.5739414220088
C45_t_wyk,Steel C45,Turning (finishing),3227.486193601588,4810.678022931261,102791.46656079737,3.508864393136608,3.682206290691042,5.0119570623306124,abs_bias_Sz,$|\Delta S_z|$,quantum_like,Quantum-like,11182.292657878406,73467.59464634562,62285.30198846721
ELLOR_t_wyk,Graphite,Turning (finishing),1520.863677324698,2711.1025465307293,95448.76015739111,3.1820902877946504,3.4331459449320736,4.9797702914483795,height_rmse,Height RMSE,quantum_like,Quantum-like,708.8983875449445,1411.146480990553,702.2480934456086
ELLOR_t_wyk,Graphite,Turning (finishing),1520.863677324698,2711.1025465307293,95448.76015739111,3.1820902877946504,3.4331459449320736,4.9797702914483795,abs_bias_Sa,$|\Delta S_a|$,quantum_like,Quantum-like,145.89084609236752,817.2500149993373,671.3591689069698
ELLOR_t_wyk,Graphite,Turning (finishing),1520.863677324698,2711.1025465307293,95448.76015739111,3.1820902877946504,3.4331459449320736,4.9797702914483795,abs_bias_Sq,$|\Delta S_q|$,quantum_like,Quantum-like,732.1223405797821,1802.8439606147736,1070.7216200349915
ELLOR_t_wyk,Graphite,Turning (finishing),1520.863677324698,2711.1025465307293,95448.76015739111,3.1820902877946504,3.4331459449320736,4.9797702914483795,abs_bias_Sz,$|\Delta S_z|$,quantum_like,Quantum-like,58799.622308693746,83720.9507522302,24921.328443536455
Graphite_oselkowane,Graphite,Honed,182.7126111276782,690.4123953098978,72932.940179508,2.261768524113036,2.8391085798774403,4.862923721831168,height_rmse,Height RMSE,hybrid,Hybrid,259.8982482468555,709.4526887345642,449.5544404877087
Graphite_oselkowane,Graphite,Honed,182.7126111276782,690.4123953098978,72932.940179508,2.261768524113036,2.8391085798774403,4.862923721831168,abs_bias_Sa,$|\Delta S_a|$,hybrid,Hybrid,8.993544485377534,355.4863035872621,346.4927591018846
Graphite_oselkowane,Graphite,Honed,182.7126111276782,690.4123953098978,72932.940179508,2.261768524113036,2.8391085798774403,4.862923721831168,abs_bias_Sq,$|\Delta S_q|$,classical,Classical,8.498778090724208,90.22975128709973,81.73097319637552
Graphite_oselkowane,Graphite,Honed,182.7126111276782,690.4123953098978,72932.940179508,2.261768524113036,2.8391085798774403,4.862923721831168,abs_bias_Sz,$|\Delta S_z|$,quantum_like,Quantum-like,48920.47226540296,66640.79426052843,17720.321995125472
Graphite_szkielkowane,Graphite,Glass bead blasted,4108.088201239449,5287.391144681693,134314.12938102838,3.613639759389792,3.7232414393427757,5.12812170134662,height_rmse,Height RMSE,quantum_like,Quantum-like,708.2947313518931,2423.8353092253615,1715.5405778734685
Graphite_szkielkowane,Graphite,Glass bead blasted,4108.088201239449,5287.391144681693,134314.12938102838,3.613639759389792,3.7232414393427757,5.12812170134662,abs_bias_Sa,$|\Delta S_a|$,quantum_like,Quantum-like,237.85132026343265,1483.1147304446222,1245.2634101811896
Graphite_szkielkowane,Graphite,Glass bead blasted,4108.088201239449,5287.391144681693,134314.12938102838,3.613639759389792,3.7232414393427757,5.12812170134662,abs_bias_Sq,$|\Delta S_q|$,quantum_like,Quantum-like,401.51756673629995,1942.7781740435578,1541.260607307258
Graphite_szkielkowane,Graphite,Glass bead blasted,4108.088201239449,5287.391144681693,134314.12938102838,3.613639759389792,3.7232414393427757,5.12812170134662,abs_bias_Sz,$|\Delta S_z|$,quantum_like,Quantum-like,64799.44686006249,108682.18203238181,43882.73517231932
Graphite_szlifowane,Graphite,Grinding,734.1358655009894,988.924907794223,31332.969758396513,2.865776441628575,2.9951633154912716,4.496001559534135,height_rmse,Height RMSE,hybrid,Hybrid,435.65647430316346,709.5276700014047,273.8711956982412
Graphite_szlifowane,Graphite,Grinding,734.1358655009894,988.924907794223,31332.969758396513,2.865776441628575,2.9951633154912716,4.496001559534135,abs_bias_Sa,$|\Delta S_a|$,classical,Classical,1.478825909657306,129.6666367397889,128.1878108301316
Graphite_szlifowane,Graphite,Grinding,734.1358655009894,988.924907794223,31332.969758396513,2.865776441628575,2.9951633154912716,4.496001559534135,abs_bias_Sq,$|\Delta S_q|$,classical,Classical,35.03325222018191,153.77434592094588,118.74109370076397
Graphite_szlifowane,Graphite,Grinding,734.1358655009894,988.924907794223,31332.969758396513,2.865776441628575,2.9951633154912716,4.496001559534135,abs_bias_Sz,$|\Delta S_z|$,quantum_like,Quantum-like,9410.298912932221,20921.385233640853,11511.086320708631
MO58A_t_wyk,Brass,Turning (finishing),0.38374216577089826,0.49961149964288243,14.90811096860517,-0.41596047769638267,-0.30136757395288466,1.1734226167671742,height_rmse,Height RMSE,classical,Classical,0.24935027430928802,154.09320425917372,153.84385398486444
MO58A_t_wyk,Brass,Turning (finishing),0.38374216577089826,0.49961149964288243,14.90811096860517,-0.41596047769638267,-0.30136757395288466,1.1734226167671742,abs_bias_Sa,$|\Delta S_a|$,classical,Classical,0.02414025999708269,89.15922445490794,89.13508419491086
MO58A_t_wyk,Brass,Turning (finishing),0.38374216577089826,0.49961149964288243,14.90811096860517,-0.41596047769638267,-0.30136757395288466,1.1734226167671742,abs_bias_Sq,$|\Delta S_q|$,classical,Classical,0.005150826028717929,153.5966102197271,153.5914593936984
MO58A_t_wyk,Brass,Turning (finishing),0.38374216577089826,0.49961149964288243,14.90811096860517,-0.41596047769638267,-0.30136757395288466,1.1734226167671742,abs_bias_Sz,$|\Delta S_z|$,classical,Classical,8.412547711731461,1193.9189887248874,1185.506441013156
Mosiadz_oselkowane,Brass,Honed,792.9141407912094,1032.4920184592152,23497.55744491682,2.89922616310655,3.0138867030862904,4.371022720002521,height_rmse,Height RMSE,hybrid,Hybrid,665.0760571079954,710.0292647007595,44.9532075927641
Mosiadz_oselkowane,Brass,Honed,792.9141407912094,1032.4920184592152,23497.55744491682,2.89922616310655,3.0138867030862904,4.371022720002521,abs_bias_Sa,$|\Delta S_a|$,classical,Classical,55.18392553656824,101.43466008730394,46.2507345507357
Mosiadz_oselkowane,Brass,Honed,792.9141407912094,1032.4920184592152,23497.55744491682,2.89922616310655,3.0138867030862904,4.371022720002521,abs_bias_Sq,$|\Delta S_q|$,classical,Classical,69.23108836174964,118.22268999791612,48.99160163616648
Mosiadz_oselkowane,Brass,Honed,792.9141407912094,1032.4920184592152,23497.55744491682,2.89922616310655,3.0138867030862904,4.371022720002521,abs_bias_Sz,$|\Delta S_z|$,quantum_like,Quantum-like,12473.421891264457,14355.720938521958,1882.2990472575002
Mosiadz_szkielkowane,Brass,Glass bead blasted,2155.756816476956,2802.067527088578,82025.36716815887,3.333599768008737,3.44747859714839,4.913948183084278,height_rmse,Height RMSE,quantum_like,Quantum-like,711.356376695356,2001.3419396537338,1289.9855629583778
Mosiadz_szkielkowane,Brass,Glass bead blasted,2155.756816476956,2802.067527088578,82025.36716815887,3.333599768008737,3.44747859714839,4.913948183084278,abs_bias_Sa,$|\Delta S_a|$,quantum_like,Quantum-like,119.78024595944186,1386.031218481606,1266.2509725221641
Mosiadz_szkielkowane,Brass,Glass bead blasted,2155.756816476956,2802.067527088578,82025.36716815887,3.333599768008737,3.44747859714839,4.913948183084278,abs_bias_Sq,$|\Delta S_q|$,quantum_like,Quantum-like,237.33566142402134,1788.0400299079497,1550.7043684839284
Mosiadz_szkielkowane,Brass,Glass bead blasted,2155.756816476956,2802.067527088578,82025.36716815887,3.333599768008737,3.44747859714839,4.913948183084278,abs_bias_Sz,$|\Delta S_z|$,quantum_like,Quantum-like,56427.805992435526,74014.29381735495,17586.487824919423
Mosiadz_szlifowane,Brass,Grinding,169535.81421614034,204695.70044101938,1248162.7352467102,5.229261456364798,5.311108720560158,6.096271212279224,height_rmse,Height RMSE,classical,Classical,179492.63807226587,541562.2248166536,362069.58674438775
Mosiadz_szlifowane,Brass,Grinding,169535.81421614034,204695.70044101938,1248162.7352467102,5.229261456364798,5.311108720560158,6.096271212279224,abs_bias_Sa,$|\Delta S_a|$,classical,Classical,168862.52017477367,264432.3202236468,95569.80004887315
Mosiadz_szlifowane,Brass,Grinding,169535.81421614034,204695.70044101938,1248162.7352467102,5.229261456364798,5.311108720560158,6.096271212279224,abs_bias_Sq,$|\Delta S_q|$,classical,Classical,203818.55876240486,320669.4868217884,116850.92805938356
Mosiadz_szlifowane,Brass,Grinding,169535.81421614034,204695.70044101938,1248162.7352467102,5.229261456364798,5.311108720560158,6.096271212279224,abs_bias_Sz,$|\Delta S_z|$,classical,Classical,1240977.5842302728,1274626.718055447,33649.1338251743
P1-1.4301-t.zgrub,Stainless steel 1.4301 (AISI 304),Turning (roughing),1863.3965300423874,2274.685531479601,42456.7727785019,3.2703052824243275,3.3569213652203667,4.62794697952016,height_rmse,Height RMSE,quantum_like,Quantum-like,709.152132353906,1030.6483171795824,321.4961848256763
P1-1.4301-t.zgrub,Stainless steel 1.4301 (AISI 304),Turning (roughing),1863.3965300423874,2274.685531479601,42456.7727785019,3.2703052824243275,3.3569213652203667,4.62794697952016,abs_bias_Sa,$|\Delta S_a|$,quantum_like,Quantum-like,15.746060117363847,723.5188654062422,707.7728052888783
P1-1.4301-t.zgrub,Stainless steel 1.4301 (AISI 304),Turning (roughing),1863.3965300423874,2274.685531479601,42456.7727785019,3.2703052824243275,3.3569213652203667,4.62794697952016,abs_bias_Sq,$|\Delta S_q|$,quantum_like,Quantum-like,0.3286766006348399,931.1694854358133,930.8408088351784
P1-1.4301-t.zgrub,Stainless steel 1.4301 (AISI 304),Turning (roughing),1863.3965300423874,2274.685531479601,42456.7727785019,3.2703052824243275,3.3569213652203667,4.62794697952016,abs_bias_Sz,$|\Delta S_z|$,quantum_like,Quantum-like,22162.24467415001,29891.040990518835,7728.7963163688255
P1-1.4301_frez_wyk,Stainless steel 1.4301 (AISI 304),Milling (finishing),347.6274194739767,601.8393081218546,78579.84712886067,2.541114024556259,2.7794805495438286,4.895311179589597,height_rmse,Height RMSE,hybrid,Hybrid,269.8796735046522,709.6757602146641,439.79608671001193
P1-1.4301_frez_wyk,Stainless steel 1.4301 (AISI 304),Milling (finishing),347.6274194739767,601.8393081218546,78579.84712886067,2.541114024556259,2.7794805495438286,4.895311179589597,abs_bias_Sa,$|\Delta S_a|$,hybrid,Hybrid,66.58648985474656,301.1809334526981,234.59444359795157
P1-1.4301_frez_wyk,Stainless steel 1.4301 (AISI 304),Milling (finishing),347.6274194739767,601.8393081218546,78579.84712886067,2.541114024556259,2.7794805495438286,4.895311179589597,abs_bias_Sq,$|\Delta S_q|$,quantum_like,Quantum-like,219.17570896703137,249.7466099205542,30.570900953522823
P1-1.4301_frez_wyk,Stainless steel 1.4301 (AISI 304),Milling (finishing),347.6274194739767,601.8393081218546,78579.84712886067,2.541114024556259,2.7794805495438286,4.895311179589597,abs_bias_Sz,$|\Delta S_z|$,quantum_like,Quantum-like,58249.29399194229,71589.37251267151,13340.078520729221
P1-1.4301_frez_zgrub,Stainless steel 1.4301 (AISI 304),Milling (roughing),779.0817824786186,914.4578575056264,25224.51211973308,2.891583049219314,2.9611636959529712,4.401822775077162,height_rmse,Height RMSE,hybrid,Hybrid,273.55073396740556,709.1987033378713,435.6479693704657
P1-1.4301_frez_zgrub,Stainless steel 1.4301 (AISI 304),Milling (roughing),779.0817824786186,914.4578575056264,25224.51211973308,2.891583049219314,2.9611636959529712,4.401822775077162,abs_bias_Sa,$|\Delta S_a|$,classical,Classical,38.15725167453839,97.38705264157599,59.229800967037605
P1-1.4301_frez_zgrub,Stainless steel 1.4301 (AISI 304),Milling (roughing),779.0817824786186,914.4578575056264,25224.51211973308,2.891583049219314,2.9611636959529712,4.401822775077162,abs_bias_Sq,$|\Delta S_q|$,hybrid,Hybrid,130.6732348319358,166.36675216416532,35.69351733222953
P1-1.4301_frez_zgrub,Stainless steel 1.4301 (AISI 304),Milling (roughing),779.0817824786186,914.4578575056264,25224.51211973308,2.891583049219314,2.9611636959529712,4.401822775077162,abs_bias_Sz,$|\Delta S_z|$,quantum_like,Quantum-like,13774.482346040235,17981.97671532332,4207.494369283084
P1-1.4301_nagniat,Stainless steel 1.4301 (AISI 304),Burnishing,205.35721843028773,751.2053660424251,70877.09415226404,2.3125099731713807,2.875758681540125,4.850505903863383,height_rmse,Height RMSE,hybrid,Hybrid,267.3243787593787,349.9339363123628,82.60955755298409
P1-1.4301_nagniat,Stainless steel 1.4301 (AISI 304),Burnishing,205.35721843028773,751.2053660424251,70877.09415226404,2.3125099731713807,2.875758681540125,4.850505903863383,abs_bias_Sa,$|\Delta S_a|$,classical,Classical,2.3985898648061585,8.413281133722194,6.014691268916035
P1-1.4301_nagniat,Stainless steel 1.4301 (AISI 304),Burnishing,205.35721843028773,751.2053660424251,70877.09415226404,2.3125099731713807,2.875758681540125,4.850505903863383,abs_bias_Sq,$|\Delta S_q|$,quantum_like,Quantum-like,35.65411960154638,475.28899160365773,439.63487200211136
P1-1.4301_nagniat,Stainless steel 1.4301 (AISI 304),Burnishing,205.35721843028773,751.2053660424251,70877.09415226404,2.3125099731713807,2.875758681540125,4.850505903863383,abs_bias_Sz,$|\Delta S_z|$,quantum_like,Quantum-like,34545.97704633499,64164.578174460636,29618.601128125643
P1-1.4301_wedm_wyk,Stainless steel 1.4301 (AISI 304),Wire EDM (finishing),631.8049335855268,1158.9868653377114,76898.75565772936,2.800583012864801,3.0640785141830293,4.885919312293576,height_rmse,Height RMSE,hybrid,Hybrid,371.10140521222866,710.8579758767048,339.75657066447616
P1-1.4301_wedm_wyk,Stainless steel 1.4301 (AISI 304),Wire EDM (finishing),631.8049335855268,1158.9868653377114,76898.75565772936,2.800583012864801,3.0640785141830293,4.885919312293576,abs_bias_Sa,$|\Delta S_a|$,quantum_like,Quantum-like,29.580815020860832,141.58776507318106,112.00695005232024
P1-1.4301_wedm_wyk,Stainless steel 1.4301 (AISI 304),Wire EDM (finishing),631.8049335855268,1158.9868653377114,76898.75565772936,2.800583012864801,3.0640785141830293,4.885919312293576,abs_bias_Sq,$|\Delta S_q|$,classical,Classical,167.82235085617936,293.2355308918084,125.41318003562907
P1-1.4301_wedm_wyk,Stainless steel 1.4301 (AISI 304),Wire EDM (finishing),631.8049335855268,1158.9868653377114,76898.75565772936,2.800583012864801,3.0640785141830293,4.885919312293576,abs_bias_Sz,$|\Delta S_z|$,quantum_like,Quantum-like,47612.2443051285,67373.90900801128,19761.66470288278
P1-1.4301_wedm_zgru,Stainless steel 1.4301 (AISI 304),Wire EDM (roughing),0.05372627427155684,0.08613583044120729,3.412098775156563,-1.2698132751842586,-1.0648161548650699,0.533021594853202,height_rmse,Height RMSE,classical,Classical,0.24958388010008328,152.712860342562,152.46327646246192
P1-1.4301_wedm_zgru,Stainless steel 1.4301 (AISI 304),Wire EDM (roughing),0.05372627427155684,0.08613583044120729,3.412098775156563,-1.2698132751842586,-1.0648161548650699,0.533021594853202,abs_bias_Sa,$|\Delta S_a|$,classical,Classical,0.15051313499427985,87.82012734749188,87.66961421249759
P1-1.4301_wedm_zgru,Stainless steel 1.4301 (AISI 304),Wire EDM (roughing),0.05372627427155684,0.08613583044120729,3.412098775156563,-1.2698132751842586,-1.0648161548650699,0.533021594853202,abs_bias_Sq,$|\Delta S_q|$,classical,Classical,0.17022546761096757,152.62699800236015,152.45677253474918
P1-1.4301_wedm_zgru,Stainless steel 1.4301 (AISI 304),Wire EDM (roughing),0.05372627427155684,0.08613583044120729,3.412098775156563,-1.2698132751842586,-1.0648161548650699,0.533021594853202,abs_bias_Sz,$|\Delta S_z|$,classical,Classical,0.6827245447180362,1197.7678174002724,1197.0850928555544
P1-AL70752_nagniat,Aluminium 7075,Burnishing,330.4382999039521,411.1023927935191,5098.419384523485,2.51909037906283,2.613950004569203,3.707435556690933,height_rmse,Height RMSE,hybrid,Hybrid,154.41776665936763,161.12429604684496,6.706529387477332
P1-AL70752_nagniat,Aluminium 7075,Burnishing,330.4382999039521,411.1023927935191,5098.419384523485,2.51909037906283,2.613950004569203,3.707435556690933,abs_bias_Sa,$|\Delta S_a|$,classical,Classical,7.214724913893354,13.729188309046783,6.514463395153429
P1-AL70752_nagniat,Aluminium 7075,Burnishing,330.4382999039521,411.1023927935191,5098.419384523485,2.51909037906283,2.613950004569203,3.707435556690933,abs_bias_Sq,$|\Delta S_q|$,classical,Classical,8.15601127165994,18.370779011838444,10.214767740178504
P1-AL70752_nagniat,Aluminium 7075,Burnishing,330.4382999039521,411.1023927935191,5098.419384523485,2.51909037906283,2.613950004569203,3.707435556690933,abs_bias_Sz,$|\Delta S_z|$,quantum_like,Quantum-like,1811.606069494596,2364.94757551757,553.3415060229738
P1-AL70752_wedm_wyk,Aluminium 7075,Wire EDM (finishing),0.0007220720332325905,0.0014155996819883096,0.10982922986895624,-3.141419475456728,-2.8490595435979147,-0.9592820616945844,height_rmse,Height RMSE,classical,Classical,0.24878324956876424,154.03708988600445,153.7883066364357
P1-AL70752_wedm_wyk,Aluminium 7075,Wire EDM (finishing),0.0007220720332325905,0.0014155996819883096,0.10982922986895624,-3.141419475456728,-2.8490595435979147,-0.9592820616945844,abs_bias_Sa,$|\Delta S_a|$,classical,Classical,0.19781621564192509,89.93544172772869,89.73762551208677
P1-AL70752_wedm_wyk,Aluminium 7075,Wire EDM (finishing),0.0007220720332325905,0.0014155996819883096,0.10982922986895624,-3.141419475456728,-2.8490595435979147,-0.9592820616945844,abs_bias_Sq,$|\Delta S_q|$,classical,Classical,0.24736794184498134,154.0356785451214,153.78831060327644
P1-AL70752_wedm_wyk,Aluminium 7075,Wire EDM (finishing),0.0007220720332325905,0.0014155996819883096,0.10982922986895624,-3.141419475456728,-2.8490595435979147,-0.9592820616945844,abs_bias_Sz,$|\Delta S_z|$,classical,Classical,2.104968048532539,1069.404464857445,1067.2994968089124
P1-AL70752_wedm_zgru_1prz,Aluminium 7075,Wire EDM (roughing),5090.885428896734,6421.666175283541,122915.12441126864,3.70679332328801,3.807647725397332,5.0896053250689075,height_rmse,Height RMSE,quantum_like,Quantum-like,709.6538449180025,3369.0893821438067,2659.435537225804
P1-AL70752_wedm_zgru_1prz,Aluminium 7075,Wire EDM (roughing),5090.885428896734,6421.666175283541,122915.12441126864,3.70679332328801,3.807647725397332,5.0896053250689075,abs_bias_Sa,$|\Delta S_a|$,quantum_like,Quantum-like,520.3305728834553,2393.007923003955,1872.6773501204998
P1-AL70752_wedm_zgru_1prz,Aluminium 7075,Wire EDM (roughing),5090.885428896734,6421.666175283541,122915.12441126864,3.70679332328801,3.807647725397332,5.0896053250689075,abs_bias_Sq,$|\Delta S_q|$,quantum_like,Quantum-like,719.1458652215517,3050.9557824472777,2331.809917225726
P1-AL70752_wedm_zgru_1prz,Aluminium 7075,Wire EDM (roughing),5090.885428896734,6421.666175283541,122915.12441126864,3.70679332328801,3.807647725397332,5.0896053250689075,abs_bias_Sz,$|\Delta S_z|$,quantum_like,Quantum-like,64856.42393466494,94800.60904957568,29944.18511491074
P1-AL7075_frez_wyk,Aluminium 7075,Milling (finishing),386337.33015214914,687536.3225057478,37520538.8651078,5.586966674222479,5.837295646861748,7.57426906703278,height_rmse,Height RMSE,hybrid,Hybrid,258483.01426428824,346951.83117234375,88468.81690805551
P1-AL7075_frez_wyk,Aluminium 7075,Milling (finishing),386337.33015214914,687536.3225057478,37520538.8651078,5.586966674222479,5.837295646861748,7.57426906703278,abs_bias_Sa,$|\Delta S_a|$,quantum_like,Quantum-like,363.74150969398863,49792.19556097193,49428.45405127794
P1-AL7075_frez_wyk,Aluminium 7075,Milling (finishing),386337.33015214914,687536.3225057478,37520538.8651078,5.586966674222479,5.837295646861748,7.57426906703278,abs_bias_Sq,$|\Delta S_q|$,quantum_like,Quantum-like,216784.04195017548,276276.2446957868,59492.202745611314
P1-AL7075_frez_wyk,Aluminium 7075,Milling (finishing),386337.33015214914,687536.3225057478,37520538.8651078,5.586966674222479,5.837295646861748,7.57426906703278,abs_bias_Sz,$|\Delta S_z|$,quantum_like,Quantum-like,33923710.62723049,35246579.60108663,1322868.9738561437
P1-AL7075_frez_zgr,Aluminium 7075,Milling (roughing),176.1165973340421,345.94806999303705,53690.94074605003,2.2458002860690875,2.5390109120642066,4.729901013522543,height_rmse,Height RMSE,hybrid,Hybrid,175.73288632473566,310.4600165624303,134.72713023769467
P1-AL7075_frez_zgr,Aluminium 7075,Milling (roughing),176.1165973340421,345.94806999303705,53690.94074605003,2.2458002860690875,2.5390109120642066,4.729901013522543,abs_bias_Sa,$|\Delta S_a|$,hybrid,Hybrid,4.638588621091733,122.25441316954934,117.61582454845761
P1-AL7075_frez_zgr,Aluminium 7075,Milling (roughing),176.1165973340421,345.94806999303705,53690.94074605003,2.2458002860690875,2.5390109120642066,4.729901013522543,abs_bias_Sq,$|\Delta S_q|$,classical,Classical,21.618939433488283,118.7176081830944,97.09866874960612
P1-AL7075_frez_zgr,Aluminium 7075,Milling (roughing),176.1165973340421,345.94806999303705,53690.94074605003,2.2458002860690875,2.5390109120642066,4.729901013522543,abs_bias_Sz,$|\Delta S_z|$,quantum_like,Quantum-like,38500.23343825536,50584.0978644566,12083.864426201239
P1-AL7075_t_zgrub,Aluminium 7075,Turning (roughing),2851.069027265254,3375.9853169491635,59633.0796095711,3.4550077321454813,3.5284005490964425,4.775487238037801,height_rmse,Height RMSE,quantum_like,Quantum-like,710.0192808240348,1348.1904321708785,638.1711513468437
P1-AL7075_t_zgrub,Aluminium 7075,Turning (roughing),2851.069027265254,3375.9853169491635,59633.0796095711,3.4550077321454813,3.5284005490964425,4.775487238037801,abs_bias_Sa,$|\Delta S_a|$,quantum_like,Quantum-like,24.43167421304419,1099.1885825561706,1074.7569083431263
P1-AL7075_t_zgrub,Aluminium 7075,Turning (roughing),2851.069027265254,3375.9853169491635,59633.0796095711,3.4550077321454813,3.5284005490964425,4.775487238037801,abs_bias_Sq,$|\Delta S_q|$,quantum_like,Quantum-like,98.44169863209098,1373.018885061037,1274.577186428946
P1-AL7075_t_zgrub,Aluminium 7075,Turning (roughing),2851.069027265254,3375.9853169491635,59633.0796095711,3.4550077321454813,3.5284005490964425,4.775487238037801,abs_bias_Sz,$|\Delta S_z|$,quantum_like,Quantum-like,41688.506553034196,48809.84819662248,7121.341643588283
P1-C45_frez_wyk,Steel C45,Milling (finishing),168.57388938374433,322.9701285319562,15504.124678627684,2.2267903070934487,2.5091623563445533,4.190447252161689,height_rmse,Height RMSE,hybrid,Hybrid,203.4844879288438,709.0089538046402,505.5244658757964
P1-C45_frez_wyk,Steel C45,Milling (finishing),168.57388938374433,322.9701285319562,15504.124678627684,2.2267903070934487,2.5091623563445533,4.190447252161689,abs_bias_Sa,$|\Delta S_a|$,hybrid,Hybrid,25.060995987510402,413.3672430523874,388.30624706487697
P1-C45_frez_wyk,Steel C45,Milling (finishing),168.57388938374433,322.9701285319562,15504.124678627684,2.2267903070934487,2.5091623563445533,4.190447252161689,abs_bias_Sq,$|\Delta S_q|$,hybrid,Hybrid,142.11140142455372,407.1801948105401,265.0687933859864
P1-C45_frez_wyk,Steel C45,Milling (finishing),168.57388938374433,322.9701285319562,15504.124678627684,2.2267903070934487,2.5091623563445533,4.190447252161689,abs_bias_Sz,$|\Delta S_z|$,classical,Classical,5654.7052768530975,9054.669336062827,3399.9640592097294
P1-C45_frez_zgr,Steel C45,Milling (roughing),0.014215393199252453,0.017415753488415692,0.3893552769154757,-1.8472411231769208,-1.7590577311522209,-0.4096539349533407,height_rmse,Height RMSE,classical,Classical,0.24906842095311638,153.63766080293368,153.38859238198057
P1-C45_frez_zgr,Steel C45,Milling (roughing),0.014215393199252453,0.017415753488415692,0.3893552769154757,-1.8472411231769208,-1.7590577311522209,-0.4096539349533407,abs_bias_Sa,$|\Delta S_a|$,classical,Classical,0.18502542018701149,89.2762591706108,89.09123375042378
P1-C45_frez_zgr,Steel C45,Milling (roughing),0.014215393199252453,0.017415753488415692,0.3893552769154757,-1.8472411231769208,-1.7590577311522209,-0.4096539349533407,abs_bias_Sq,$|\Delta S_q|$,classical,Classical,0.2322074113667104,153.6204264635416,153.3882190521749
P1-C45_frez_zgr,Steel C45,Milling (roughing),0.014215393199252453,0.017415753488415692,0.3893552769154757,-1.8472411231769208,-1.7590577311522209,-0.4096539349533407,abs_bias_Sz,$|\Delta S_z|$,classical,Classical,1.6990906621922808,1142.0676657135668,1140.3685750513746
P1-C45_nagniat,Steel C45,Burnishing,209.73484587406048,1330.3937512601992,157120.78884941927,2.321670591235987,3.12398019637413,5.196233650891512,height_rmse,Height RMSE,hybrid,Hybrid,417.24425399503747,710.8685273023302,293.62427330729275
P1-C45_nagniat,Steel C45,Burnishing,209.73484587406048,1330.3937512601992,157120.78884941927,2.321670591235987,3.12398019637413,5.196233650891512,abs_bias_Sa,$|\Delta S_a|$,hybrid,Hybrid,18.233970787618574,188.72751491097634,170.49354412335776
P1-C45_nagniat,Steel C45,Burnishing,209.73484587406048,1330.3937512601992,157120.78884941927,2.321670591235987,3.12398019637413,5.196233650891512,abs_bias_Sq,$|\Delta S_q|$,quantum_like,Quantum-like,450.7830103268391,791.5262505342541,340.74324020741506
P1-C45_nagniat,Steel C45,Burnishing,209.73484587406048,1330.3937512601992,157120.78884941927,2.321670591235987,3.12398019637413,5.196233650891512,abs_bias_Sz,$|\Delta S_z|$,quantum_like,Quantum-like,102413.13206156739,143653.2917221104,41240.159660543024
P1-C45_t_zgrubne,Steel C45,Turning (roughing),5352.809007024925,7452.142131531978,131214.74393826575,3.728581747647404,3.8722811294168236,5.117982637259677,height_rmse,Height RMSE,quantum_like,Quantum-like,708.6548329812106,1877.9405662402949,1169.2857332590843
P1-C45_t_zgrubne,Steel C45,Turning (roughing),5352.809007024925,7452.142131531978,131214.74393826575,3.728581747647404,3.8722811294168236,5.117982637259677,abs_bias_Sa,$|\Delta S_a|$,quantum_like,Quantum-like,131.88473651754038,761.5109445613241,629.6262080437837
P1-C45_t_zgrubne,Steel C45,Turning (roughing),5352.809007024925,7452.142131531978,131214.74393826575,3.728581747647404,3.8722811294168236,5.117982637259677,abs_bias_Sq,$|\Delta S_q|$,quantum_like,Quantum-like,269.5602823629114,1026.2874432224535,756.7271608595421
P1-C45_t_zgrubne,Steel C45,Turning (roughing),5352.809007024925,7452.142131531978,131214.74393826575,3.728581747647404,3.8722811294168236,5.117982637259677,abs_bias_Sz,$|\Delta S_z|$,quantum_like,Quantum-like,46972.88893865503,66645.4463613333,19672.557422678277
P1-C45_wedm_wyk,Steel C45,Wire EDM (finishing),164445.50446808158,259806.01315388278,14845451.98272266,5.2160220054477895,5.4146491985050185,7.17159342460732,height_rmse,Height RMSE,classical,Classical,112799.78665726438,352317.97255629674,239518.18589903234
P1-C45_wedm_wyk,Steel C45,Wire EDM (finishing),164445.50446808158,259806.01315388278,14845451.98272266,5.2160220054477895,5.4146491985050185,7.17159342460732,abs_bias_Sa,$|\Delta S_a|$,hybrid,Hybrid,118308.49354787535,163746.13378217648,45437.64023430113
P1-C45_wedm_wyk,Steel C45,Wire EDM (finishing),164445.50446808158,259806.01315388278,14845451.98272266,5.2160220054477895,5.4146491985050185,7.17159342460732,abs_bias_Sq,$|\Delta S_q|$,hybrid,Hybrid,84771.0836160333,258881.01169767775,174109.92808164447
P1-C45_wedm_wyk,Steel C45,Wire EDM (finishing),164445.50446808158,259806.01315388278,14845451.98272266,5.2160220054477895,5.4146491985050185,7.17159342460732,abs_bias_Sz,$|\Delta S_z|$,quantum_like,Quantum-like,9873983.401246544,12219614.577340826,2345631.1760942824
P1-C45_wedm_zgru_1prz,Steel C45,Wire EDM (roughing),4474.643435891885,6990.219229140815,233363.97390964086,3.650758434066627,3.8444907964199464,5.368033811692755,height_rmse,Height RMSE,quantum_like,Quantum-like,711.8729034685018,3469.0187669439965,2757.1458634754945
P1-C45_wedm_zgru_1prz,Steel C45,Wire EDM (roughing),4474.643435891885,6990.219229140815,233363.97390964086,3.650758434066627,3.8444907964199464,5.368033811692755,abs_bias_Sa,$|\Delta S_a|$,quantum_like,Quantum-like,855.136506448049,2522.076695536119,1666.9401890880702
P1-C45_wedm_zgru_1prz,Steel C45,Wire EDM (roughing),4474.643435891885,6990.219229140815,233363.97390964086,3.650758434066627,3.8444907964199464,5.368033811692755,abs_bias_Sq,$|\Delta S_q|$,quantum_like,Quantum-like,1935.8018730679419,4338.967085073585,2403.165212005643
P1-C45_wedm_zgru_1prz,Steel C45,Wire EDM (roughing),4474.643435891885,6990.219229140815,233363.97390964086,3.650758434066627,3.8444907964199464,5.368033811692755,abs_bias_Sz,$|\Delta S_z|$,quantum_like,Quantum-like,78381.76010809449,195119.07548754572,116737.31537945123
P1-ELLOR_frez_wyk,Graphite,Milling (finishing),27.297418640221498,52.32595042339795,1708.9317205210828,1.4361215802527516,1.7187171253984652,3.2327247110570116,height_rmse,Height RMSE,hybrid,Hybrid,155.7294843592572,202.99482539548464,47.265341036227426
P1-ELLOR_frez_wyk,Graphite,Milling (finishing),27.297418640221498,52.32595042339795,1708.9317205210828,1.4361215802527516,1.7187171253984652,3.2327247110570116,abs_bias_Sa,$|\Delta S_a|$,hybrid,Hybrid,72.85803677109072,125.31623178266267,52.458195011571945
P1-ELLOR_frez_wyk,Graphite,Milling (finishing),27.297418640221498,52.32595042339795,1708.9317205210828,1.4361215802527516,1.7187171253984652,3.2327247110570116,abs_bias_Sq,$|\Delta S_q|$,hybrid,Hybrid,102.17781537523842,150.98638437457845,48.808568999340025
P1-ELLOR_frez_wyk,Graphite,Milling (finishing),27.297418640221498,52.32595042339795,1708.9317205210828,1.4361215802527516,1.7187171253984652,3.2327247110570116,abs_bias_Sz,$|\Delta S_z|$,classical,Classical,4.114182636430257,347.91507752749993,343.8008948910697
P1-ELLOR_frez_zgr,Graphite,Milling (roughing),0.01663394778151025,0.02991984577749072,0.8378487410273452,-1.7790046662190828,-1.524040649382355,-0.07683437858509563,height_rmse,Height RMSE,classical,Classical,0.249234219399218,153.57820541539465,153.32897119599542
P1-ELLOR_frez_zgr,Graphite,Milling (roughing),0.01663394778151025,0.02991984577749072,0.8378487410273452,-1.7790046662190828,-1.524040649382355,-0.07683437858509563,abs_bias_Sa,$|\Delta S_a|$,classical,Classical,0.1827646749630325,91.08213354152461,90.89936886656157
P1-ELLOR_frez_zgr,Graphite,Milling (roughing),0.01663394778151025,0.02991984577749072,0.8378487410273452,-1.7790046662190828,-1.524040649382355,-0.07683437858509563,abs_bias_Sq,$|\Delta S_q|$,classical,Classical,0.2201821520972706,153.54829191979837,153.3281097677011
P1-ELLOR_frez_zgr,Graphite,Milling (roughing),0.01663394778151025,0.02991984577749072,0.8378487410273452,-1.7790046662190828,-1.524040649382355,-0.07683437858509563,abs_bias_Sz,$|\Delta S_z|$,classical,Classical,1.333581639726118,1147.1709508656743,1145.8373692259481
P1-ELLOR_t_zgrub,Graphite,Turning (roughing),2018004.8643047118,3090351.901157858,61174725.89370246,6.304922208748339,6.490007935745006,7.786572032079909,height_rmse,Height RMSE,classical,Classical,2641899.0077697346,2735568.979781679,93669.97201194428
P1-ELLOR_t_zgrub,Graphite,Turning (roughing),2018004.8643047118,3090351.901157858,61174725.89370246,6.304922208748339,6.490007935745006,7.786572032079909,abs_bias_Sa,$|\Delta S_a|$,quantum_like,Quantum-like,1116212.826912151,1475923.966900567,359711.1399884161
P1-ELLOR_t_zgrub,Graphite,Turning (roughing),2018004.8643047118,3090351.901157858,61174725.89370246,6.304922208748339,6.490007935745006,7.786572032079909,abs_bias_Sq,$|\Delta S_q|$,quantum_like,Quantum-like,1936631.391652694,2409560.0151538015,472928.62350110756
P1-ELLOR_t_zgrub,Graphite,Turning (roughing),2018004.8643047118,3090351.901157858,61174725.89370246,6.304922208748339,6.490007935745006,7.786572032079909,abs_bias_Sz,$|\Delta S_z|$,quantum_like,Quantum-like,51135601.635962896,56081896.421420544,4946294.785457648
P1-ELLOR_wedm_wyk,Graphite,Wire EDM (finishing),1288.9111898407098,2635.0106342366944,94762.18475820428,3.110222994086625,3.420782372254826,4.976635064898919,height_rmse,Height RMSE,quantum_like,Quantum-like,708.6241158592077,1143.8261350474454,435.2020191882377
P1-ELLOR_wedm_wyk,Graphite,Wire EDM (finishing),1288.9111898407098,2635.0106342366944,94762.18475820428,3.110222994086625,3.420782372254826,4.976635064898919,abs_bias_Sa,$|\Delta S_a|$,quantum_like,Quantum-like,167.4253287616504,569.056554959315,401.6312261976646
P1-ELLOR_wedm_wyk,Graphite,Wire EDM (finishing),1288.9111898407098,2635.0106342366944,94762.18475820428,3.110222994086625,3.420782372254826,4.976635064898919,abs_bias_Sq,$|\Delta S_q|$,quantum_like,Quantum-like,982.770986279223,1676.6044962763488,693.8335099971257
P1-ELLOR_wedm_wyk,Graphite,Wire EDM (finishing),1288.9111898407098,2635.0106342366944,94762.18475820428,3.110222994086625,3.420782372254826,4.976635064898919,abs_bias_Sz,$|\Delta S_z|$,quantum_like,Quantum-like,63842.59037227813,81989.4768397929,18146.88646751477
P1-ELLOR_wedm_zgru_1prz,Graphite,Wire EDM (roughing),1449.8944742396523,2498.4242966125526,69211.50170978007,3.1613363947017734,3.3976661946585227,4.840178272404973,height_rmse,Height RMSE,quantum_like,Quantum-like,709.1302396431674,1166.3603350372068,457.2300953940394
P1-ELLOR_wedm_zgru_1prz,Graphite,Wire EDM (roughing),1449.8944742396523,2498.4242966125526,69211.50170978007,3.1613363947017734,3.3976661946585227,4.840178272404973,abs_bias_Sa,$|\Delta S_a|$,quantum_like,Quantum-like,232.08826634363075,670.181903073949,438.0936367303183
P1-ELLOR_wedm_zgru_1prz,Graphite,Wire EDM (roughing),1449.8944742396523,2498.4242966125526,69211.50170978007,3.1613363947017734,3.3976661946585227,4.840178272404973,abs_bias_Sq,$|\Delta S_q|$,quantum_like,Quantum-like,781.0256305091718,1482.9234086709848,701.897778161813
P1-ELLOR_wedm_zgru_1prz,Graphite,Wire EDM (roughing),1449.8944742396523,2498.4242966125526,69211.50170978007,3.1613363947017734,3.3976661946585227,4.840178272404973,abs_bias_Sz,$|\Delta S_z|$,quantum_like,Quantum-like,35628.89749267686,53924.18837550974,18295.29088283288
P1-MO58A_frez_wyk,Brass,Milling (finishing),371.232885286238,433.87656132110186,10944.451287199645,2.5696464407843154,2.637366189507285,4.039193992590562,height_rmse,Height RMSE,hybrid,Hybrid,162.3287172867658,525.4109627983156,363.0822455115498
P1-MO58A_frez_wyk,Brass,Milling (finishing),371.232885286238,433.87656132110186,10944.451287199645,2.5696464407843154,2.637366189507285,4.039193992590562,abs_bias_Sa,$|\Delta S_a|$,classical,Classical,0.4936847985522716,4.183459050158131,3.6897742516058596
P1-MO58A_frez_wyk,Brass,Milling (finishing),371.232885286238,433.87656132110186,10944.451287199645,2.5696464407843154,2.637366189507285,4.039193992590562,abs_bias_Sq,$|\Delta S_q|$,hybrid,Hybrid,6.857738048095004,46.13464413119745,39.276906083102446
P1-MO58A_frez_wyk,Brass,Milling (finishing),371.232885286238,433.87656132110186,10944.451287199645,2.5696464407843154,2.637366189507285,4.039193992590562,abs_bias_Sz,$|\Delta S_z|$,quantum_like,Quantum-like,3802.2892002230365,6782.145648959162,2979.8564487361255
P1-MO58A_frez_zgr,Brass,Milling (roughing),1635.1765763826413,2024.9415456585623,15746.571803058374,3.2135646573069754,3.3064124908769377,4.197186017867091,height_rmse,Height RMSE,quantum_like,Quantum-like,710.4076562546801,797.8957526203285,87.4880963656484
P1-MO58A_frez_zgr,Brass,Milling (roughing),1635.1765763826413,2024.9415456585623,15746.571803058374,3.2135646573069754,3.3064124908769377,4.197186017867091,abs_bias_Sa,$|\Delta S_a|$,quantum_like,Quantum-like,17.948632393085372,377.0828958180685,359.13426342498315
P1-MO58A_frez_zgr,Brass,Milling (roughing),1635.1765763826413,2024.9415456585623,15746.571803058374,3.2135646573069754,3.3064124908769377,4.197186017867091,abs_bias_Sq,$|\Delta S_q|$,quantum_like,Quantum-like,23.840431200638925,437.5520527394434,413.7116215388045
P1-MO58A_frez_zgr,Brass,Milling (roughing),1635.1765763826413,2024.9415456585623,15746.571803058374,3.2135646573069754,3.3064124908769377,4.197186017867091,abs_bias_Sz,$|\Delta S_z|$,quantum_like,Quantum-like,1329.932037970064,6476.9974100254585,5147.065372055395
P1-MO58A_nagniat,Brass,Burnishing,149.36655947912297,187.34316490288163,3484.618675857259,2.174253377537665,2.2726378527588156,3.542155259899762,height_rmse,Height RMSE,classical,Classical,9.562580359461506,154.36203571499897,144.79945535553748
P1-MO58A_nagniat,Brass,Burnishing,149.36655947912297,187.34316490288163,3484.618675857259,2.174253377537665,2.2726378527588156,3.542155259899762,abs_bias_Sa,$|\Delta S_a|$,classical,Classical,4.008491718904093,39.43796110920173,35.42946939029764
P1-MO58A_nagniat,Brass,Burnishing,149.36655947912297,187.34316490288163,3484.618675857259,2.174253377537665,2.2726378527588156,3.542155259899762,abs_bias_Sq,$|\Delta S_q|$,classical,Classical,6.206996642498316,50.301060948201425,44.09406430570311
P1-MO58A_nagniat,Brass,Burnishing,149.36655947912297,187.34316490288163,3484.618675857259,2.174253377537665,2.2726378527588156,3.542155259899762,abs_bias_Sz,$|\Delta S_z|$,hybrid,Hybrid,1733.3263380097758,2447.997023894046,714.6706858842701
P1-MO58A_t_zgrub,Brass,Turning (roughing),1386.8772375518495,2154.5371115300177,97070.55657722981,3.1420380202561287,3.3333539791363345,4.987087519762442,height_rmse,Height RMSE,quantum_like,Quantum-like,710.3740541719634,802.8654539514712,92.49139977950779
P1-MO58A_t_zgrub,Brass,Turning (roughing),1386.8772375518495,2154.5371115300177,97070.55657722981,3.1420380202561287,3.3333539791363345,4.987087519762442,abs_bias_Sa,$|\Delta S_a|$,quantum_like,Quantum-like,17.55222619167241,459.1165664824829,441.5643402908105
P1-MO58A_t_zgrub,Brass,Turning (roughing),1386.8772375518495,2154.5371115300177,97070.55657722981,3.1420380202561287,3.3333539791363345,4.987087519762442,abs_bias_Sq,$|\Delta S_q|$,quantum_like,Quantum-like,371.7200634593454,986.6575982523606,614.9375347930152
P1-MO58A_t_zgrub,Brass,Turning (roughing),1386.8772375518495,2154.5371115300177,97070.55657722981,3.1420380202561287,3.3333539791363345,4.987087519762442,abs_bias_Sz,$|\Delta S_z|$,quantum_like,Quantum-like,72564.51704769683,83591.42740208696,11026.91035439013
P1-MO58A_wedm_wyk,Brass,Wire EDM (finishing),623.3622952841346,1678.008257576369,119387.24119355052,2.7947405299824317,3.2247940936863806,5.076957916614864,height_rmse,Height RMSE,hybrid,Hybrid,432.14229687983527,709.0640356517926,276.9217387719573
P1-MO58A_wedm_wyk,Brass,Wire EDM (finishing),623.3622952841346,1678.008257576369,119387.24119355052,2.7947405299824317,3.2247940936863806,5.076957916614864,abs_bias_Sa,$|\Delta S_a|$,quantum_like,Quantum-like,47.29068935269095,76.8047695320331,29.51408017934216
P1-MO58A_wedm_wyk,Brass,Wire EDM (finishing),623.3622952841346,1678.008257576369,119387.24119355052,2.7947405299824317,3.2247940936863806,5.076957916614864,abs_bias_Sq,$|\Delta S_q|$,quantum_like,Quantum-like,741.3596810070139,763.1934571223854,21.833776115371506
P1-MO58A_wedm_wyk,Brass,Wire EDM (finishing),623.3622952841346,1678.008257576369,119387.24119355052,2.7947405299824317,3.2247940936863806,5.076957916614864,abs_bias_Sz,$|\Delta S_z|$,quantum_like,Quantum-like,93905.66714950817,108907.45794048705,15001.790790978877
P1-MO58A_wedm_zgru_1prz,Brass,Wire EDM (roughing),88536.39320245878,114712.78171870453,2608601.8359336206,4.9471218257050005,5.059611811280806,6.4164077955996035,height_rmse,Height RMSE,classical,Classical,95553.81987867752,313488.97711678344,217935.15723810592
P1-MO58A_wedm_zgru_1prz,Brass,Wire EDM (roughing),88536.39320245878,114712.78171870453,2608601.8359336206,4.9471218257050005,5.059611811280806,6.4164077955996035,abs_bias_Sa,$|\Delta S_a|$,classical,Classical,87832.7720008512,160622.57854934395,72789.80654849275
P1-MO58A_wedm_zgru_1prz,Brass,Wire EDM (roughing),88536.39320245878,114712.78171870453,2608601.8359336206,4.9471218257050005,5.059611811280806,6.4164077955996035,abs_bias_Sq,$|\Delta S_q|$,classical,Classical,113802.15427605518,196454.01431870082,82651.86004264564
P1-MO58A_wedm_zgru_1prz,Brass,Wire EDM (roughing),88536.39320245878,114712.78171870453,2608601.8359336206,4.9471218257050005,5.059611811280806,6.4164077955996035,abs_bias_Sz,$|\Delta S_z|$,hybrid,Hybrid,241271.68915832465,1041972.7461214594,800701.0569631348
P1-Ti6A14V_frez_wyk,Titanium,Milling (finishing),548.7149225512189,713.3317760266872,8954.240732494147,2.7393467711921167,2.8532915705027695,3.952028766101528,height_rmse,Height RMSE,hybrid,Hybrid,431.30645179976614,709.9117687446007,278.6053169448346
P1-Ti6A14V_frez_wyk,Titanium,Milling (finishing),548.7149225512189,713.3317760266872,8954.240732494147,2.7393467711921167,2.8532915705027695,3.952028766101528,abs_bias_Sa,$|\Delta S_a|$,classical,Classical,121.3522160284123,193.11940782307343,71.76719179466113
P1-Ti6A14V_frez_wyk,Titanium,Milling (finishing),548.7149225512189,713.3317760266872,8954.240732494147,2.7393467711921167,2.8532915705027695,3.952028766101528,abs_bias_Sq,$|\Delta S_q|$,classical,Classical,174.9756932742958,224.0520280127004,49.0763347384046
P1-Ti6A14V_frez_wyk,Titanium,Milling (finishing),548.7149225512189,713.3317760266872,8954.240732494147,2.7393467711921167,2.8532915705027695,3.952028766101528,abs_bias_Sz,$|\Delta S_z|$,quantum_like,Quantum-like,163.27077468706386,1044.5142097763892,881.2434350893253
P1-Ti6A14V_frez_zgr,Titanium,Milling (roughing),683.9830450019091,1071.5743326150443,70791.5363647731,2.8350453362912043,3.03002230241923,4.849981337777398,height_rmse,Height RMSE,hybrid,Hybrid,314.0473240086626,710.0074679449905,395.9601439363279
P1-Ti6A14V_frez_zgr,Titanium,Milling (roughing),683.9830450019091,1071.5743326150443,70791.5363647731,2.8350453362912043,3.03002230241923,4.849981337777398,abs_bias_Sa,$|\Delta S_a|$,classical,Classical,76.89615948086293,80.28063465058733,3.3844751697243964
P1-Ti6A14V_frez_zgr,Titanium,Milling (roughing),683.9830450019091,1071.5743326150443,70791.5363647731,2.8350453362912043,3.03002230241923,4.849981337777398,abs_bias_Sq,$|\Delta S_q|$,quantum_like,Quantum-like,14.768008134248575,83.73691833858248,68.96891020433391
P1-Ti6A14V_frez_zgr,Titanium,Milling (roughing),683.9830450019091,1071.5743326150443,70791.5363647731,2.8350453362912043,3.03002230241923,4.849981337777398,abs_bias_Sz,$|\Delta S_z|$,quantum_like,Quantum-like,48895.23405833995,62534.16196033639,13638.927901996438
P1-Ti6A14V_nagniat,Titanium,Burnishing,347.8317815466067,803.7426150092576,44965.60414799983,2.5413692611621674,2.9051169955429,4.65288043287413,height_rmse,Height RMSE,hybrid,Hybrid,286.4477778452391,711.762565402637,425.31478755739795
P1-Ti6A14V_nagniat,Titanium,Burnishing,347.8317815466067,803.7426150092576,44965.60414799983,2.5413692611621674,2.9051169955429,4.65288043287413,abs_bias_Sa,$|\Delta S_a|$,hybrid,Hybrid,99.69617171587836,280.8877252145925,181.19155349871411
P1-Ti6A14V_nagniat,Titanium,Burnishing,347.8317815466067,803.7426150092576,44965.60414799983,2.5413692611621674,2.9051169955429,4.65288043287413,abs_bias_Sq,$|\Delta S_q|$,quantum_like,Quantum-like,16.42130699248818,23.719810853136195,7.298503860648015
P1-Ti6A14V_nagniat,Titanium,Burnishing,347.8317815466067,803.7426150092576,44965.60414799983,2.5413692611621674,2.9051169955429,4.65288043287413,abs_bias_Sz,$|\Delta S_z|$,quantum_like,Quantum-like,31292.854854917954,37957.16552239759,6664.310667479636
P1-Ti6A14V_t_wyk,Titanium,Turning (finishing),120.19932196150366,143.5085523769773,3825.7073651355636,2.0799020178396987,2.1568777835748962,3.5827117470380183,height_rmse,Height RMSE,hybrid,Hybrid,186.1898425475041,642.5086902030549,456.3188476555508
P1-Ti6A14V_t_wyk,Titanium,Turning (finishing),120.19932196150366,143.5085523769773,3825.7073651355636,2.0799020178396987,2.1568777835748962,3.5827117470380183,abs_bias_Sa,$|\Delta S_a|$,hybrid,Hybrid,16.19979952306895,394.224147351637,378.024347828568
P1-Ti6A14V_t_wyk,Titanium,Turning (finishing),120.19932196150366,143.5085523769773,3825.7073651355636,2.0799020178396987,2.1568777835748962,3.5827117470380183,abs_bias_Sq,$|\Delta S_q|$,hybrid,Hybrid,22.42857520569561,491.9808059747062,469.5522307690106
P1-Ti6A14V_t_wyk,Titanium,Turning (finishing),120.19932196150366,143.5085523769773,3825.7073651355636,2.0799020178396987,2.1568777835748962,3.5827117470380183,abs_bias_Sz,$|\Delta S_z|$,classical,Classical,795.1960164711602,2481.392846567918,1686.1968300967576
P1-Ti6A14V_t_zgrub,Titanium,Turning (roughing),3004.2986216553054,3551.4597919526173,70976.5955354702,3.4777430985356608,3.5504069021470417,4.851115164135011,height_rmse,Height RMSE,quantum_like,Quantum-like,708.6970887099144,1426.1868124762184,717.489723766304
P1-Ti6A14V_t_zgrub,Titanium,Turning (roughing),3004.2986216553054,3551.4597919526173,70976.5955354702,3.4777430985356608,3.5504069021470417,4.851115164135011,abs_bias_Sa,$|\Delta S_a|$,quantum_like,Quantum-like,34.409064570818785,1163.0829059402322,1128.6738413694134
P1-Ti6A14V_t_zgrub,Titanium,Turning (roughing),3004.2986216553054,3551.4597919526173,70976.5955354702,3.4777430985356608,3.5504069021470417,4.851115164135011,abs_bias_Sq,$|\Delta S_q|$,quantum_like,Quantum-like,100.53125551508224,1420.5491424164738,1320.0178869013916
P1-Ti6A14V_t_zgrub,Titanium,Turning (roughing),3004.2986216553054,3551.4597919526173,70976.5955354702,3.4777430985356608,3.5504069021470417,4.851115164135011,abs_bias_Sz,$|\Delta S_z|$,quantum_like,Quantum-like,34866.97843777398,58523.01092823697,23656.03249046299
P1-Ti6A14V_wedm_wyk,Titanium,Wire EDM (finishing),409.00644899786334,520.0834351728039,19334.36500722471,2.61173015578755,2.716073021574083,4.286329913239346,height_rmse,Height RMSE,hybrid,Hybrid,201.74370353830216,710.192602338441,508.44889880013886
P1-Ti6A14V_wedm_wyk,Titanium,Wire EDM (finishing),409.00644899786334,520.0834351728039,19334.36500722471,2.61173015578755,2.716073021574083,4.286329913239346,abs_bias_Sa,$|\Delta S_a|$,quantum_like,Quantum-like,193.34130953688248,196.09811080983945,2.7568012729569773
P1-Ti6A14V_wedm_wyk,Titanium,Wire EDM (finishing),409.00644899786334,520.0834351728039,19334.36500722471,2.61173015578755,2.716073021574083,4.286329913239346,abs_bias_Sq,$|\Delta S_q|$,quantum_like,Quantum-like,235.12259841226918,257.71772875431805,22.59513034204886
P1-Ti6A14V_wedm_wyk,Titanium,Wire EDM (finishing),409.00644899786334,520.0834351728039,19334.36500722471,2.61173015578755,2.716073021574083,4.286329913239346,abs_bias_Sz,$|\Delta S_z|$,quantum_like,Quantum-like,9749.787677733098,12350.78013501111,2600.992457278011
P1-Ti6A14V_wedm_zgru_1prz,Titanium,Wire EDM (roughing),4401.629858763449,5552.950033863544,73584.54434948617,3.6436135191225394,3.7445237656542747,4.866786604981425,height_rmse,Height RMSE,quantum_like,Quantum-like,707.919007430083,3266.6036386093488,2558.684631179266
P1-Ti6A14V_wedm_zgru_1prz,Titanium,Wire EDM (roughing),4401.629858763449,5552.950033863544,73584.54434948617,3.6436135191225394,3.7445237656542747,4.866786604981425,abs_bias_Sa,$|\Delta S_a|$,quantum_like,Quantum-like,791.2449962333434,2702.592744797611,1911.3477485642675
P1-Ti6A14V_wedm_zgru_1prz,Titanium,Wire EDM (roughing),4401.629858763449,5552.950033863544,73584.54434948617,3.6436135191225394,3.7445237656542747,4.866786604981425,abs_bias_Sq,$|\Delta S_q|$,quantum_like,Quantum-like,982.0317312350037,3402.9718852305077,2420.9401539955043
P1-Ti6A14V_wedm_zgru_1prz,Titanium,Wire EDM (roughing),4401.629858763449,5552.950033863544,73584.54434948617,3.6436135191225394,3.7445237656542747,4.866786604981425,abs_bias_Sz,$|\Delta S_z|$,quantum_like,Quantum-like,25995.520357247082,52557.19646822342,26561.676110976336
Ti_oselkowane,Titanium,Honed,313.44194181447756,820.2161239650844,41617.377154131675,2.496157109171017,2.913928302479183,4.619274706260495,height_rmse,Height RMSE,hybrid,Hybrid,235.20051490048309,696.5332136055908,461.33269870510776
Ti_oselkowane,Titanium,Honed,313.44194181447756,820.2161239650844,41617.377154131675,2.496157109171017,2.913928302479183,4.619274706260495,abs_bias_Sa,$|\Delta S_a|$,hybrid,Hybrid,3.121989194057888,144.7268462552421,141.60485706118422
Ti_oselkowane,Titanium,Honed,313.44194181447756,820.2161239650844,41617.377154131675,2.496157109171017,2.913928302479183,4.619274706260495,abs_bias_Sq,$|\Delta S_q|$,quantum_like,Quantum-like,10.924787073382404,238.98713437079718,228.06234729741476
Ti_oselkowane,Titanium,Honed,313.44194181447756,820.2161239650844,41617.377154131675,2.496157109171017,2.913928302479183,4.619274706260495,abs_bias_Sz,$|\Delta S_z|$,quantum_like,Quantum-like,30595.50334764737,35906.23683757954,5310.733489932172
Ti_szkielkowane,Titanium,Glass bead blasted,362.86787323690766,450.1454615793234,5483.871984749424,2.5597485193343115,2.6533528758934133,3.739087308085776,height_rmse,Height RMSE,hybrid,Hybrid,213.76800413546016,707.8055899321928,494.0375857967326
Ti_szkielkowane,Titanium,Glass bead blasted,362.86787323690766,450.1454615793234,5483.871984749424,2.5597485193343115,2.6533528758934133,3.739087308085776,abs_bias_Sa,$|\Delta S_a|$,hybrid,Hybrid,17.30854355885726,301.46373051980055,284.1551869609433
Ti_szkielkowane,Titanium,Glass bead blasted,362.86787323690766,450.1454615793234,5483.871984749424,2.5597485193343115,2.6533528758934133,3.739087308085776,abs_bias_Sq,$|\Delta S_q|$,hybrid,Hybrid,21.002238569691734,381.47692454660256,360.47468597691085
Ti_szkielkowane,Titanium,Glass bead blasted,362.86787323690766,450.1454615793234,5483.871984749424,2.5597485193343115,2.6533528758934133,3.739087308085776,abs_bias_Sz,$|\Delta S_z|$,quantum_like,Quantum-like,1596.8513296122721,2178.6241293923695,581.7727997800973
Ti_szlifowane,Titanium,Grinding,269.0687259091993,332.064684239527,3640.405667431295,2.4298632222737355,2.52122268994511,3.561149781811227,height_rmse,Height RMSE,hybrid,Hybrid,177.1944748316061,710.1489078831418,532.9544330515357
Ti_szlifowane,Titanium,Grinding,269.0687259091993,332.064684239527,3640.405667431295,2.4298632222737355,2.52122268994511,3.561149781811227,abs_bias_Sa,$|\Delta S_a|$,hybrid,Hybrid,0.5161639383736834,353.17568210834366,352.65951816997
Ti_szlifowane,Titanium,Grinding,269.0687259091993,332.064684239527,3640.405667431295,2.4298632222737355,2.52122268994511,3.561149781811227,abs_bias_Sq,$|\Delta S_q|$,hybrid,Hybrid,1.0752881153847211,446.865193691045,445.7899055756603
Ti_szlifowane,Titanium,Grinding,269.0687259091993,332.064684239527,3640.405667431295,2.4298632222737355,2.52122268994511,3.561149781811227,abs_bias_Sz,$|\Delta S_z|$,hybrid,Hybrid,1306.5432766548852,3213.8075898978586,1907.2643132429735
