resolution_px,method,height_rmse_nm_median,abs_bias_Sa_nm_median,abs_bias_Sq_nm_median,abs_bias_Sz_nm_median
128,classical,733.787196198666,206.22807054580664,264.7060378308658,6109.198107258756
128,quantum_like,710.2495285179314,347.4683572574903,423.7498357061301,3158.833963294326
128,hybrid,272.59524237359216,83.01837439993035,133.6214633572135,5459.828963349002
256,classical,1065.7417540439033,337.9251632203013,435.7979431174937,8465.93536509694
256,quantum_like,709.6165600151803,332.4827031442484,396.028373796924,2509.0685260486694
256,hybrid,314.0131382842842,88.38971054290099,153.26208986326725,5349.510106756092
384,classical,1203.2615976506129,434.37455156831567,561.9987407750572,7764.878154592634
384,quantum_like,709.8163388433288,322.6119976963147,388.57999048803384,2601.235908649438
384,hybrid,303.4763284745423,87.76578144355368,152.89129933380266,8300.131307035388
