scenario,scenario_label,sample_reflectivity,sample_visibility_scale,step_nm,method,abs_step_err_mean_nm,abs_step_err_std_nm
low_return,Low return / low visibility,0.2,0.7,0.0,classical,252.96228622207636,119.52993638298912
low_return,Low return / low visibility,0.2,0.7,0.0,quant_diff,184.34179458418936,80.41307134059413
low_return,Low return / low visibility,0.2,0.7,0.0,hybrid_diff,124.36459745649665,97.48635218110928
low_return,Low return / low visibility,0.2,0.7,0.0,quant_noon2,7.8728027604771045,4.996115760477278
low_return,Low return / low visibility,0.2,0.7,0.0,hybrid_noon2,6.98705885796485,4.068795077732112
low_return,Low return / low visibility,0.2,0.7,100.0,classical,129.119981602694,121.11712448067266
low_return,Low return / low visibility,0.2,0.7,100.0,quant_diff,189.48313744620742,133.2900969403638
low_return,Low return / low visibility,0.2,0.7,100.0,hybrid_diff,170.6920476911695,114.68140482853512
low_return,Low return / low visibility,0.2,0.7,100.0,quant_noon2,127.45803198574683,105.57877882724814
low_return,Low return / low visibility,0.2,0.7,100.0,hybrid_noon2,150.5808488296703,129.41309759858248
low_return,Low return / low visibility,0.2,0.7,200.0,classical,355.1814638774271,186.13338237353716
low_return,Low return / low visibility,0.2,0.7,200.0,quant_diff,162.57086695301274,140.49533499870066
low_return,Low return / low visibility,0.2,0.7,200.0,hybrid_diff,122.64297171388253,66.11357709255424
low_return,Low return / low visibility,0.2,0.7,200.0,quant_noon2,207.57595539349,8.172897380682695
low_return,Low return / low visibility,0.2,0.7,200.0,hybrid_noon2,254.00505772834217,33.915440379047865
low_return,Low return / low visibility,0.2,0.7,300.0,classical,269.438858685951,149.73789010564025
low_return,Low return / low visibility,0.2,0.7,300.0,quant_diff,155.6452018276328,111.1869737769927
low_return,Low return / low visibility,0.2,0.7,300.0,hybrid_diff,142.30309724416605,83.56511050109664
low_return,Low return / low visibility,0.2,0.7,300.0,quant_noon2,288.68435650947526,108.37350916478917
low_return,Low return / low visibility,0.2,0.7,300.0,hybrid_noon2,306.93906921585847,92.39578897066161
low_return,Low return / low visibility,0.2,0.7,400.0,classical,384.0055761514029,212.1404909719751
low_return,Low return / low visibility,0.2,0.7,400.0,quant_diff,250.2317798108655,146.99650769176725
low_return,Low return / low visibility,0.2,0.7,400.0,hybrid_diff,180.269052398885,88.56640770216059
low_return,Low return / low visibility,0.2,0.7,400.0,quant_noon2,410.1099942144867,8.025377532632083
low_return,Low return / low visibility,0.2,0.7,400.0,hybrid_noon2,415.9463037168971,46.957586076706214
low_return,Low return / low visibility,0.2,0.7,600.0,classical,600.2050129697907,238.02250439544886
low_return,Low return / low visibility,0.2,0.7,600.0,quant_diff,116.37306573697379,116.22767165081024
low_return,Low return / low visibility,0.2,0.7,600.0,hybrid_diff,155.130540344473,78.45326906367117
low_return,Low return / low visibility,0.2,0.7,600.0,quant_noon2,612.5088268117605,8.13528617636162
low_return,Low return / low visibility,0.2,0.7,600.0,hybrid_noon2,546.6187234100422,8.414267459834795
low_return,Low return / low visibility,0.2,0.7,800.0,classical,727.9606260730393,109.52301134394813
low_return,Low return / low visibility,0.2,0.7,800.0,quant_diff,224.05167459199052,122.50802736055799
low_return,Low return / low visibility,0.2,0.7,800.0,hybrid_diff,161.6221683239194,83.47502980559295
low_return,Low return / low visibility,0.2,0.7,800.0,quant_noon2,814.6714924217798,8.0360066038646
low_return,Low return / low visibility,0.2,0.7,800.0,hybrid_noon2,803.2156388336032,7.529020213275672
high_return,High return / high visibility,1.0,1.0,0.0,classical,7.824108518963875,4.870116569936084
high_return,High return / high visibility,1.0,1.0,0.0,quant_diff,53.64433944711319,36.63790721988238
high_return,High return / high visibility,1.0,1.0,0.0,hybrid_diff,45.459509990950714,31.66400433880476
high_return,High return / high visibility,1.0,1.0,0.0,quant_noon2,7.978166248441072,4.909315951760359
high_return,High return / high visibility,1.0,1.0,0.0,hybrid_noon2,7.824108518963881,4.870116569936082
high_return,High return / high visibility,1.0,1.0,100.0,classical,34.68692441566043,87.83966693185758
high_return,High return / high visibility,1.0,1.0,100.0,quant_diff,50.228850205422404,28.008469977066497
high_return,High return / high visibility,1.0,1.0,100.0,hybrid_diff,48.04496073893535,24.263679390499966
high_return,High return / high visibility,1.0,1.0,100.0,quant_noon2,88.88294622917763,108.09796845434978
high_return,High return / high visibility,1.0,1.0,100.0,hybrid_noon2,114.47149470130134,141.18922074022694
high_return,High return / high visibility,1.0,1.0,200.0,classical,270.8200170221989,8.071770894377279
high_return,High return / high visibility,1.0,1.0,200.0,quant_diff,40.66951618720434,28.600159902747254
high_return,High return / high visibility,1.0,1.0,200.0,hybrid_diff,38.39526151567925,30.904482555708555
high_return,High return / high visibility,1.0,1.0,200.0,quant_noon2,207.50185527862587,8.089844403957077
high_return,High return / high visibility,1.0,1.0,200.0,hybrid_noon2,263.1775391264089,27.998328957153127
high_return,High return / high visibility,1.0,1.0,300.0,classical,271.0086041025769,8.197604908953684
high_return,High return / high visibility,1.0,1.0,300.0,quant_diff,70.1496698928067,45.3982003317166
high_return,High return / high visibility,1.0,1.0,300.0,hybrid_diff,45.923289820539146,40.520850054111015
high_return,High return / high visibility,1.0,1.0,300.0,quant_noon2,288.542731446289,110.61921727252457
high_return,High return / high visibility,1.0,1.0,300.0,hybrid_noon2,337.23501435912385,110.62812751458378
high_return,High return / high visibility,1.0,1.0,400.0,classical,430.5597350586792,136.48887393312717
high_return,High return / high visibility,1.0,1.0,400.0,quant_diff,53.97241426425593,29.84381279844005
high_return,High return / high visibility,1.0,1.0,400.0,hybrid_diff,42.77907267521491,26.14641782202778
high_return,High return / high visibility,1.0,1.0,400.0,quant_noon2,409.98509721939115,8.160134227970952
high_return,High return / high visibility,1.0,1.0,400.0,hybrid_noon2,443.5375988819695,63.66307515253561
high_return,High return / high visibility,1.0,1.0,600.0,classical,536.8146055674176,7.862043043536497
high_return,High return / high visibility,1.0,1.0,600.0,quant_diff,44.67414424911255,35.87380435290852
high_return,High return / high visibility,1.0,1.0,600.0,hybrid_diff,39.60622162846583,17.443061770079282
high_return,High return / high visibility,1.0,1.0,600.0,quant_noon2,612.4495869055842,8.213124293859918
high_return,High return / high visibility,1.0,1.0,600.0,hybrid_noon2,536.8172051902449,7.866219304998571
high_return,High return / high visibility,1.0,1.0,800.0,classical,803.0202539589943,7.87289595909853
high_return,High return / high visibility,1.0,1.0,800.0,quant_diff,69.64925274005694,45.61632587044688
high_return,High return / high visibility,1.0,1.0,800.0,hybrid_diff,52.38572762423055,20.211863220826164
high_return,High return / high visibility,1.0,1.0,800.0,quant_noon2,815.0298984402459,8.137544018469468
high_return,High return / high visibility,1.0,1.0,800.0,hybrid_noon2,803.0202539589943,7.872895959098478
