Sa_est_nm,Sa_true_nm,Sq_est_nm,Sq_true_nm,Sz_est_nm,Sz_true_nm,bias_Sa_nm,bias_Sq_nm,bias_Sz_nm,deadtime1_s,deadtime2_s,file,height_rmse_nm,lambda1_nm,lambda2_nm,lambda_class_nm,lambda_eff_nm,material,material_code,method,nx,ny,rep,sample_group,stem,treatment,treatment_code,unwrap_method
44.006126745003314,33.84118699522956,68.4435716042841,41.899689585882065,987.0174483036221,417.17396197934573,10.164939749773747,26.543882018402034,569.8434863242765,0.0,0.0,/Users/dawid/Library/Mobile Documents/com~apple~CloudDocs/Dokumenty/Publikacje własne/Manuscripts/Quantum_interference/data/1.4301_szlifowane.sur,54.463675775190055,810.0,809.0,532.0,655289.9999999508,Stainless steel 1.4301 (AISI 304),1.4301,classical,256,256,0,,1.4301_szlifowane,Grinding,szlifowane,simple
566.8908046734285,33.84118699522956,711.1690320178394,41.899689585882065,6784.031856380425,417.17396197934573,533.0496176781991,669.2693424319573,6366.857894401079,0.0,0.0,/Users/dawid/Library/Mobile Documents/com~apple~CloudDocs/Dokumenty/Publikacje własne/Manuscripts/Quantum_interference/data/1.4301_szlifowane.sur,710.1798027936566,810.0,809.0,532.0,655289.9999999508,Stainless steel 1.4301 (AISI 304),1.4301,quantum_like,256,256,0,,1.4301_szlifowane,Grinding,szlifowane,simple
108.06775282391418,33.84118699522956,154.48561150421966,41.899689585882065,1214.2185392963545,417.17396197934573,74.2265658286846,112.58592191833762,797.0445773170088,0.0,0.0,/Users/dawid/Library/Mobile Documents/com~apple~CloudDocs/Dokumenty/Publikacje własne/Manuscripts/Quantum_interference/data/1.4301_szlifowane.sur,156.42869874295906,810.0,809.0,532.0,655289.9999999508,Stainless steel 1.4301 (AISI 304),1.4301,hybrid,256,256,0,,1.4301_szlifowane,Grinding,szlifowane,simple
527.2027176945139,120.19932196150366,690.6236179346648,143.5085523769773,7414.7830958535815,3825.7073651355636,407.0033957330103,547.1150655576876,3589.075730718018,0.0,0.0,/Users/dawid/Library/Mobile Documents/com~apple~CloudDocs/Dokumenty/Publikacje własne/Manuscripts/Quantum_interference/data/P1-Ti6A14V_t_wyk.sur,707.1528616979617,810.0,809.0,532.0,655289.9999999508,Titanium,Ti6A14V,classical,256,256,0,P1,P1-Ti6A14V_t_wyk,Turning (finishing),t_wyk,simple
577.372596538919,120.19932196150366,722.5592079316923,143.5085523769773,6603.392983447318,3825.7073651355636,457.1732745774153,579.050655554715,2777.685618311755,0.0,0.0,/Users/dawid/Library/Mobile Documents/com~apple~CloudDocs/Dokumenty/Publikacje własne/Manuscripts/Quantum_interference/data/P1-Ti6A14V_t_wyk.sur,707.238542450224,810.0,809.0,532.0,655289.9999999508,Titanium,Ti6A14V,quantum_like,256,256,0,P1,P1-Ti6A14V_t_wyk,Turning (finishing),t_wyk,simple
136.06011018949766,120.19932196150366,165.72753189502748,143.5085523769773,1270.502839480263,3825.7073651355636,15.860788227994016,22.218979518050194,-2555.2045256553,0.0,0.0,/Users/dawid/Library/Mobile Documents/com~apple~CloudDocs/Dokumenty/Publikacje własne/Manuscripts/Quantum_interference/data/P1-Ti6A14V_t_wyk.sur,200.89787107465614,810.0,809.0,532.0,655289.9999999508,Titanium,Ti6A14V,hybrid,256,256,0,P1,P1-Ti6A14V_t_wyk,Turning (finishing),t_wyk,simple
0.19881392861786723,0.014215393199252453,0.24910522945585814,0.017415753488415692,2.0297446871172147,0.3893552769154757,0.1845985354186148,0.23168947596744244,1.6403894102017391,0.0,0.0,/Users/dawid/Library/Mobile Documents/com~apple~CloudDocs/Dokumenty/Publikacje własne/Manuscripts/Quantum_interference/data/P1-C45_frez_zgr.sur,0.24849456600759032,810.0,809.0,532.0,655289.9999999508,Steel C45,C45,classical,256,256,0,P1,P1-C45_frez_zgr,Milling (roughing),frez_zgr,simple
567.9452446012659,0.014215393199252453,711.2691696898236,0.017415753488415692,6259.946404342257,0.3893552769154757,567.9310292080667,711.2517539363351,6259.557049065341,0.0,0.0,/Users/dawid/Library/Mobile Documents/com~apple~CloudDocs/Dokumenty/Publikacje własne/Manuscripts/Quantum_interference/data/P1-C45_frez_zgr.sur,711.2691978275827,810.0,809.0,532.0,655289.9999999508,Steel C45,C45,quantum_like,256,256,0,P1,P1-C45_frez_zgr,Milling (roughing),frez_zgr,simple
90.69325612943112,0.014215393199252453,153.14387613754855,0.017415753488415692,1075.3858267240773,0.3893552769154757,90.67904073623188,153.12646038406012,1074.9964714471619,0.0,0.0,/Users/dawid/Library/Mobile Documents/com~apple~CloudDocs/Dokumenty/Publikacje własne/Manuscripts/Quantum_interference/data/P1-C45_frez_zgr.sur,153.14388085742576,810.0,809.0,532.0,655289.9999999508,Steel C45,C45,hybrid,256,256,0,P1,P1-C45_frez_zgr,Milling (roughing),frez_zgr,simple
609.8301991178417,548.7149225512189,811.7397789067419,713.3317760266872,8050.08403983913,8954.240732494147,61.11527656662277,98.40800288005462,-904.156692655018,0.0,0.0,/Users/dawid/Library/Mobile Documents/com~apple~CloudDocs/Dokumenty/Publikacje własne/Manuscripts/Quantum_interference/data/P1-Ti6A14V_frez_wyk.sur,1085.9886210650952,810.0,809.0,532.0,655289.9999999508,Titanium,Ti6A14V,classical,256,256,0,P1,P1-Ti6A14V_frez_wyk,Milling (finishing),frez_wyk,simple
797.0413709779805,548.7149225512189,1006.9467248532844,713.3317760266872,9803.902617014288,8954.240732494147,248.3264484267616,293.6149488265972,849.66188452014,0.0,0.0,/Users/dawid/Library/Mobile Documents/com~apple~CloudDocs/Dokumenty/Publikacje własne/Manuscripts/Quantum_interference/data/P1-Ti6A14V_frez_wyk.sur,708.7203618612753,810.0,809.0,532.0,655289.9999999508,Titanium,Ti6A14V,quantum_like,256,256,0,P1,P1-Ti6A14V_frez_wyk,Milling (finishing),frez_wyk,simple
315.3634004429502,548.7149225512189,423.67521306481046,713.3317760266872,3974.1293305650847,8954.240732494147,-233.35152210826874,-289.6565629618768,-4980.1114019290635,0.0,0.0,/Users/dawid/Library/Mobile Documents/com~apple~CloudDocs/Dokumenty/Publikacje własne/Manuscripts/Quantum_interference/data/P1-Ti6A14V_frez_wyk.sur,558.6303508310193,810.0,809.0,532.0,655289.9999999508,Titanium,Ti6A14V,hybrid,256,256,0,P1,P1-Ti6A14V_frez_wyk,Milling (finishing),frez_wyk,simple
0.1996441421778859,0.01663394778151025,0.25030637930127064,0.02991984577749072,2.210707486633982,0.8378487410273452,0.18301019439637564,0.22038653352377993,1.3728587456066372,0.0,0.0,/Users/dawid/Library/Mobile Documents/com~apple~CloudDocs/Dokumenty/Publikacje własne/Manuscripts/Quantum_interference/data/P1-ELLOR_frez_zgr.sur,0.24896656275154433,810.0,809.0,532.0,655289.9999999508,Graphite,ELLOR,classical,256,256,0,P1,P1-ELLOR_frez_zgr,Milling (roughing),frez_zgr,simple
569.9923624453653,0.01663394778151025,712.8808589047977,0.02991984577749072,5683.527454272705,0.8378487410273452,569.9757284975839,712.8509390590202,5682.6896055316765,0.0,0.0,/Users/dawid/Library/Mobile Documents/com~apple~CloudDocs/Dokumenty/Publikacje własne/Manuscripts/Quantum_interference/data/P1-ELLOR_frez_zgr.sur,712.8808935914442,810.0,809.0,532.0,655289.9999999508,Graphite,ELLOR,quantum_like,256,256,0,P1,P1-ELLOR_frez_zgr,Milling (roughing),frez_zgr,simple
91.47890365615824,0.01663394778151025,154.21982784439197,0.02991984577749072,1076.0906934171842,0.8378487410273452,91.46226970837674,154.18990799861447,1075.2528446761569,0.0,0.0,/Users/dawid/Library/Mobile Documents/com~apple~CloudDocs/Dokumenty/Publikacje własne/Manuscripts/Quantum_interference/data/P1-ELLOR_frez_zgr.sur,154.21982277977895,810.0,809.0,532.0,655289.9999999508,Graphite,ELLOR,hybrid,256,256,0,P1,P1-ELLOR_frez_zgr,Milling (roughing),frez_zgr,simple
620.6708798340401,734.1358655009894,845.8785048827842,988.924907794223,7745.303323215894,31332.969758396513,-113.46498566694939,-143.0464029114388,-23587.66643518062,0.0,0.0,/Users/dawid/Library/Mobile Documents/com~apple~CloudDocs/Dokumenty/Publikacje własne/Manuscripts/Quantum_interference/data/Graphite_szlifowane.sur,1288.2063834066266,810.0,809.0,532.0,655289.9999999508,Graphite,Graphite,classical,256,256,0,,Graphite_szlifowane,Grinding,szlifowane,simple
922.9538554474672,734.1358655009894,1210.4388543154969,988.924907794223,25572.79984293988,31332.969758396513,188.81798994647772,221.5139465212739,-5760.169915456636,0.0,0.0,/Users/dawid/Library/Mobile Documents/com~apple~CloudDocs/Dokumenty/Publikacje własne/Manuscripts/Quantum_interference/data/Graphite_szlifowane.sur,709.7736379536266,810.0,809.0,532.0,655289.9999999508,Graphite,Graphite,quantum_like,256,256,0,,Graphite_szlifowane,Grinding,szlifowane,simple
594.5893659176488,734.1358655009894,752.5300655750088,988.924907794223,10626.216706629186,31332.969758396513,-139.5464995833407,-236.39484221921415,-20706.75305176733,0.0,0.0,/Users/dawid/Library/Mobile Documents/com~apple~CloudDocs/Dokumenty/Publikacje własne/Manuscripts/Quantum_interference/data/Graphite_szlifowane.sur,587.5849301997189,810.0,809.0,532.0,655289.9999999508,Graphite,Graphite,hybrid,256,256,0,,Graphite_szlifowane,Grinding,szlifowane,simple
665.0021242104187,792.9141407912094,863.0487769644444,1032.4920184592152,6371.699737119699,23497.55744491682,-127.91201658079073,-169.44324149477086,-17125.857707797124,0.0,0.0,/Users/dawid/Library/Mobile Documents/com~apple~CloudDocs/Dokumenty/Publikacje własne/Manuscripts/Quantum_interference/data/Mosiadz_oselkowane.sur,1340.6568073403578,810.0,809.0,532.0,655289.9999999508,Brass,Mosiadz,classical,256,256,0,,Mosiadz_oselkowane,Honed,oselkowane,simple
973.4146011694852,792.9141407912094,1247.9283400470986,1032.4920184592152,10584.656020252914,23497.55744491682,180.50046037827568,215.43632158788344,-12912.901424663905,0.0,0.0,/Users/dawid/Library/Mobile Documents/com~apple~CloudDocs/Dokumenty/Publikacje własne/Manuscripts/Quantum_interference/data/Mosiadz_oselkowane.sur,709.123567343052,810.0,809.0,532.0,655289.9999999508,Brass,Mosiadz,quantum_like,256,256,0,,Mosiadz_oselkowane,Honed,oselkowane,simple
379.9153790549074,792.9141407912094,517.5212845431685,1032.4920184592152,4723.951170534838,23497.55744491682,-412.998761736302,-514.9707339160467,-18773.606274381982,0.0,0.0,/Users/dawid/Library/Mobile Documents/com~apple~CloudDocs/Dokumenty/Publikacje własne/Manuscripts/Quantum_interference/data/Mosiadz_oselkowane.sur,808.5583826559395,810.0,809.0,532.0,655289.9999999508,Brass,Mosiadz,hybrid,256,256,0,,Mosiadz_oselkowane,Honed,oselkowane,simple
654.0299458636969,164445.50446808158,858.6432135051227,259806.01315388278,6568.675556044752,14845451.98272266,-163791.4745222179,-258947.36994037763,-14838883.307166616,0.0,0.0,/Users/dawid/Library/Mobile Documents/com~apple~CloudDocs/Dokumenty/Publikacje własne/Manuscripts/Quantum_interference/data/P1-C45_wedm_wyk.sur,212451.5213523109,810.0,809.0,532.0,655289.9999999508,Steel C45,C45,classical,256,256,0,P1,P1-C45_wedm_wyk,Wire EDM (finishing),wedm_wyk,simple
790088.231246281,164445.50446808158,1042766.2338644366,259806.01315388278,9306671.559689058,14845451.98272266,625642.7267781993,782960.2207105538,-5538780.4230336035,0.0,0.0,/Users/dawid/Library/Mobile Documents/com~apple~CloudDocs/Dokumenty/Publikacje własne/Manuscripts/Quantum_interference/data/P1-C45_wedm_wyk.sur,1059465.9382993737,810.0,809.0,532.0,655289.9999999508,Steel C45,C45,quantum_like,256,256,0,P1,P1-C45_wedm_wyk,Wire EDM (finishing),wedm_wyk,simple
318234.0331341177,164445.50446808158,412058.23000316316,259806.01315388278,2929103.8808604293,14845451.98272266,153788.52866603615,152252.21684928035,-11916348.101862231,0.0,0.0,/Users/dawid/Library/Mobile Documents/com~apple~CloudDocs/Dokumenty/Publikacje własne/Manuscripts/Quantum_interference/data/P1-C45_wedm_wyk.sur,454864.31478972686,810.0,809.0,532.0,655289.9999999508,Steel C45,C45,hybrid,256,256,0,P1,P1-C45_wedm_wyk,Wire EDM (finishing),wedm_wyk,simple
