scenario,method,height_rmse_nm,abs_bias_Sa_nm,abs_bias_Sq_nm,abs_bias_Sz_nm
simple,hybrid,314.0131382842842,129.557507224943,419.07120730743964,37457.38142246923
simple,quantum_like,709.6165600151803,308.1185377341201,395.18532400136854,25745.464445683538
simple,classical,1065.7417540439033,301.80999535029025,423.44822530498,37163.19453243029
rates,hybrid,290.86333065649643,138.56512977618775,435.78309244570505,37642.610450852444
rates,quantum_like,355.1175313392071,142.27305026233012,262.1731633362489,26473.12971112044
rates,classical,1058.5273510553288,301.0580025405718,420.54690978663984,37175.31371027828
rates_nonideal,hybrid,376.3246651526597,184.7421549447091,362.31456586927015,37190.800727203256
rates_nonideal,quantum_like,1308.2819496900654,741.8946214742278,805.1704833397612,23823.89022713661
rates_nonideal,classical,1058.5273510553288,301.0580025405718,420.54690978663984,37175.31371027828
